Country Name,1990,1991,1992,1993,1994,1995,1996,1997,1998,1999,2000,2001,2002,2003,2004,2005,2006,2007,2008,2009,2010,2011,2012,2013,2014,2015,2016
Aruba,2.33333326,2.33333326,2.33333326,2.33333326,2.33333326,2.33333326,2.33333326,2.33333326,2.33333326,2.33333326,2.33333326,2.33333326,2.33333326,2.33333326,2.33333326,2.33333326,2.33333326,2.33333326,2.33333326,2.33333326,2.33333326,2.33333326,2.33333326,2.33333326,2.33333326,2.33333326,2.33333326
Afghanistan,2.067824648,2.067824648,2.067824648,2.067824648,2.067824648,2.067824648,2.067824648,2.067824648,2.067824648,2.067824648,2.067824648,2.067824648,2.067824648,2.067824648,2.067824648,2.067824648,2.067824648,2.067824648,2.067824648,2.067824648,2.067824648,2.067824648,2.067824648,2.067824648,2.067824648,2.067824648,2.067824648
Angola,48.90992219,48.80981729,48.70971239,48.60961062,48.50950572,48.40940082,48.30929592,48.20919101,48.10908925,48.00898434,47.90887944,47.80877454,47.70866964,47.60856787,47.50846297,47.40835807,47.30825316,47.20814826,47.10804649,47.00794159,46.90783669,46.80773179,46.70762688,46.60752512,46.50742021,46.40731531,46.30721041
Albania,28.78832072,28.71715239,28.64598629,28.57481796,28.50364964,28.43248131,28.36131298,28.29014688,28.21897855,28.14781022,28.07664189,28.17226215,28.26788241,28.36350267,28.45912516,28.55474542,28.51021871,28.46569423,28.42116753,28.37664305,28.33211634,28.29708127,28.26204397,28.22700668,28.191971600000002,28.15693431,28.12189701
Andorra,34.04255319,34.04255319,34.04255319,34.04255319,34.04255319,34.04255319,34.04255319,34.04255319,34.04255319,34.04255319,34.04255319,34.04255319,34.04255319,34.04255319,34.04255319,34.04255319,34.04255319,34.04255319,34.04255319,34.04255319,34.04255319,34.04255319,34.04255319,34.04255319,34.04255319,34.04255319,34.04255319
Arab World,1.732633546,1.7275736259999999,1.72251157,1.717451703,1.7123927230000002,1.707332812,1.7022737909999999,1.697213921,1.692154943,1.6870959630000002,1.682036052,1.683075647,1.6841143109999999,1.6851799630000002,1.686220144,1.687258255,1.6935766540000001,1.699901841,1.70622771,1.71293858,1.7192695,1.713112687,1.706957034,1.700830065,1.694674616,1.688517408,1.6823612559999999
United Arab Emirates,3.44973247,3.5412559839999997,3.6327794989999997,3.724303013,3.815826528,3.907350042,3.998873557,4.090397071,4.181920586,4.2734441,4.364967615,4.370599745,4.376231875,4.381864435,4.387496566,4.393128696000001,4.408054035,4.422979374,4.437904712,4.452830051,4.46775539,4.482680729,4.497606497,4.512531836,4.527457175,4.542382513,4.557307852
Argentina,12.7135335,12.60635995,12.4991864,12.39201428,12.28484073,12.17766718,12.07049363,11.963320800000002,11.85614725,11.74897441,11.64180086,11.51946301,11.39712587,11.27478801,11.15245087,11.03011302,10.91391425,10.79771549,10.68151672,10.56531796,10.44911919,10.34066672,10.23221497,10.1237625,10.01531075,9.906858285,9.798405817999999
Armenia,11.76677204,11.75272216,11.75272238,11.74569701,11.73867272,11.73164735,11.72462198,11.71759769,11.71057232,11.70354802,11.69652266,11.68949729,11.68247299,11.67544763,11.66842333,11.66139796,11.6543726,11.6473483,11.64032293,11.63329864,11.62627327,11.63329864,11.64032293,11.6473483,11.6543726,11.66139796,11.66842333
American Samoa,91.94999695,91.75000191,91.59999847,91.45000458,91.25,91.09999657,90.95000267,90.74999809,90.6000042,90.39999962,90.24999619,90.10000229,89.89999771,89.75000381,89.54999924,89.3999958,89.25000191,89.04999733,88.90000343,88.75,88.54999542,88.40000153,88.19999695,88.05000305,87.89999962,87.70000458,87.5
Antigua and Barbuda,23.40909134,23.34091013,23.27272675,23.20454554,23.13636433,23.06818095,22.99999974,22.93181853,22.86363732,22.79545394,22.72727273,22.63636372,22.54545472,22.45454571,22.36363671,22.27272771,22.27272771,22.27272771,22.27272771,22.27272771,22.27272771,22.27272771,22.27272771,22.27272771,22.27272771,22.27272771,22.27272771
Australia,16.73209846,16.73600354,16.73990862,16.7438137,16.74771878,16.75162386,16.75552894,16.75943402,16.7633391,16.76724418,16.77114927,16.73990862,16.70866798,16.67742733,16.64618669,16.61494604,16.499616,16.38428596,16.26895591,16.15362587,16.03829582,16.07838798,16.11848014,16.1585723,16.19866446,16.23875662,16.25827806
Austria,45.72535723,45.80043535,45.87551347,45.95059455,46.02567267,46.10075079,46.17582891,46.25090703,46.3259881,46.40106622,46.47614434,46.50763015,46.539113,46.57059879999999,46.60208165,46.63356745,46.65536509,46.67829433,46.70008953,46.7218877,46.74764969,46.77511454,46.80088082,46.83573548,46.86208745,46.88390014,46.90571284
Azerbaijan,10.23829266,10.2839564,10.28395602,10.30798957,10.33202312,10.35605667,10.38009022,10.40412377,10.44384498,10.51689726,10.55384042,10.56704232,10.57832485,10.58703912,10.59754178,10.61214629,10.93239059,11.25077117,11.56837308,11.88642243,12.19875188,12.515667500000001,12.83287783,13.14992813,13.46648537,13.78367651,14.09967334
Burundi,11.25389408,10.89953247,10.54517086,10.19081044,9.836448836,9.482087227000001,9.127725619,8.773364605,8.419002996,8.064641982000001,7.710280374,7.577881858,7.445482747000001,7.313084231,7.180685121000001,7.048286603999999,7.60903403,8.16978205,8.730529476000001,9.291277496000001,9.852024922,10.03115289,10.21028085,10.38940762,10.56853559,10.74766355,10.92679151
Belgium,,,,,,,,,,,22.03764821,22.08322301,22.12879781,22.1743726,22.2199474,22.2655222,22.31175613,22.35799207,22.40422802,22.45046195,22.49669789,22.51122902,22.52576014,22.54029127,22.55482239,22.56935351,22.58388464
Benin,51.09081234,50.47002483,49.84923732,49.22844979999999,48.60766229,47.98687478,47.36608726,46.74529975,46.12451224,45.50372473,44.88293721,44.43951756,43.99609791,43.55267825,43.109258600000004,42.66583895,42.2224193,41.77899965,41.33557999,40.89216034,40.44874069,40.00532104,39.56190138,39.11848173,38.67506208,38.23164243,37.78822277
Burkina Faso,25.0255848,24.806652399999997,24.58772001,24.36878584,24.14985344,23.93092105,23.71198866,23.49305627,23.27412209,23.0551897,22.83625731,22.61769077,22.39912245,22.18055591,21.96198759,21.74342105,21.52412281,21.30482456,21.08552632,20.86622807,20.64692982,20.42836329,20.20979496,19.99122843,19.772660100000003,19.55409357,19.33552703
Bangladesh,11.47729892,11.45732522,11.43735153,11.4173769,11.39740321,11.37742952,11.35745582,11.33748213,11.3175075,11.29753381,11.27756011,11.25758642,11.23761273,11.2176381,11.1976644,11.17769071,11.15771702,11.13774333,11.1177687,11.097795,11.07782131,11.05784762,11.03787393,11.01789929,10.997925599999999,10.97795191,10.95797822
Bulgaria,30.07321703,30.11660534,30.15999365,30.20337976,30.24676807,30.29015638,30.33354469,30.376933,30.4203191,30.46370741,30.50709572,31.00605578,32.03492557,32.55125584,33.06178787,33.60640648,33.76783532,33.93241785,34.09078444,34.26492307,34.42336035,34.58179763,34.74023491,34.89867444,35.05711172,35.21554901,35.37398629
Bahrain,0.318840578,0.333333339,0.352112676,0.36619717,0.394366199,0.408450692,0.43661972200000004,0.450704215,0.478873244,0.507042274,0.521126767,0.549295754,0.56338029,0.583333315,0.589041106,0.608108092,0.621621633,0.639999986,0.644736855,0.671052619,0.695538048,0.704041777,0.72727273,0.740259731,0.765239929,0.771208227,0.7840616840000001
"Bahamas, The",51.44855145,51.44855145,51.44855145,51.44855145,51.44855145,51.44855145,51.44855145,51.44855145,51.44855145,51.44855145,51.44855145,51.44855145,51.44855145,51.44855145,51.44855145,51.44855145,51.44855145,51.44855145,51.44855145,51.44855145,51.44855145,51.44855145,51.44855145,51.44855145,51.44855145,51.44855145,51.44855145
Bosnia and Herzegovina,43.1640625,43.06640625,43.06640625,43.01757813,42.96875,42.91992188,42.87109375,42.82226563,42.7734375,42.72460938,42.67578125,42.67578125,42.67578125,42.67578125,42.67578125,42.67578125,42.67578125,42.67578125,42.67578125,42.67578125,42.67578125,42.67578125,42.67578125,42.67578125,42.67578125,42.67578125,42.67578125
Belarus,38.35535397,38.84145139,38.84145187,39.08449962,39.32754977,39.57059752,39.81364526,40.05669541,40.29974316,40.54279331,40.78584106,40.94655694,41.10930432,41.27002813,41.43484242,41.59148055,41.67372898,41.77033117,41.86692856,41.98008279,42.06012814,42.15613026,42.25420041,42.35269119,42.43716789,42.53416463,42.630106500000004
Belize,70.84743662,70.16001647,69.4730405,68.78605917,68.09907785,67.41166305,66.72468173,66.03770041,65.35072444,64.66330428,63.97632831,63.60149057,63.226214,62.85138162,62.47610504,62.10127266,61.88075406,61.66023545,61.44015568,61.21964244,60.99912383,60.77904406,60.55896429999999,60.33932336,60.11924359,59.89916917,59.679089399999995
Bermuda,18.51851819,18.51851819,18.51851819,18.51851819,18.51851819,18.51851819,18.51851819,18.51851819,18.51851819,18.51851819,18.51851819,18.51851819,18.51851819,18.51851819,18.51851819,18.51851819,18.51851819,18.51851819,18.51851819,18.51851819,18.51851819,18.51851819,18.51851819,18.51851819,18.51851819,18.51851819,18.51851819
Bolivia,57.96639897,57.71679273,57.46718288,57.21757665,56.96796679999999,56.71836056,56.46875433,56.21914448,55.96953825,55.7199284,55.47032216,55.21979282,54.96925987,54.71873053,54.46819758,54.21766824,53.75150005,53.28533186,52.81916367,52.35299548,51.88682729,51.62004985,51.35327241,51.08649497,50.81971753,50.55294009,50.28616265
Brazil,65.40988785,65.10561859,64.80135682,64.49708757,64.1928258,63.88855654,63.58428729,63.28002552,62.97575627,62.67149076,62.36722524,62.01930094,61.67137665,61.32345235,60.97552805,60.62760375,60.42957075,60.23153402,60.03350102,59.83546429,59.63743129,59.51970175,59.40197221,59.28424267,59.16651312,59.04878358,58.93105404
Barbados,14.65116323,14.65116323,14.65116323,14.65116323,14.65116323,14.65116323,14.65116323,14.65116323,14.65116323,14.65116323,14.65116323,14.65116323,14.65116323,14.65116323,14.65116323,14.65116323,14.65116323,14.65116323,14.65116323,14.65116323,14.65116323,14.65116323,14.65116323,14.65116323,14.65116323,14.65116323,14.65116323
Brunei Darussalam,78.36812144,78.06451497,77.7609085,77.45730782,77.15370135,76.85009488,76.54648841,76.24288193,75.93928125,75.63567478,75.33206831,75.02846184,74.72485537,74.42125469,74.11764822,73.81404175,73.47248808,73.13092863,72.78937497,72.44781552,72.10626186,72.10626186,72.10626186,72.10626186,72.10626186,72.10626186,72.10626186
Bhutan,53.65045193,53.86297964,54.07551257,54.28804028,63.98065155,64.23015345,64.47964922,64.72914499,64.97838926,65.22789116,65.47738693,65.7268827,65.97638461,66.22588038,69.41049937,69.67101126,69.93152956,70.19177885,70.45229074,70.71280903,70.97332093,71.23383282,71.49434471,71.754863,72.01537490000001,72.27562418,72.48453671
Botswana,24.20552997,23.99678894,23.78804791,23.57930515,23.37056412,23.16182309,22.95308206,22.74434103,22.53559827,22.32685724,22.11811621,21.90919769,21.7002809,21.49136239,21.28244559,21.07352708,20.86460856,20.65569177,20.44677325,20.23785646,20.02893794,19.84860481,19.66827168,19.48794027,19.30760714,19.12727401,18.94694088
Central African Rep.,36.21304055,36.18800024,36.16295994,36.137916499999996,36.11287619,36.08783589,36.06279558,36.03775528,36.01271183,35.98767153,35.96263122,35.93759092,35.91255061,35.88750717,35.86246687,35.83742656,35.81238626,35.78734595,35.76230251,35.73726221,35.712221899999996,35.6871816,35.66214129,35.63709785,35.61205754,35.58701724,35.56197693
Canada,38.29907264,38.2938938,38.28871497,38.28353271,38.27835388,38.27317504,38.26799621,38.26281738,38.25763512,38.25245628,38.24727745,38.24230825,38.23733561,38.23236641,38.22739377,38.22242456,38.21639691,38.2103727,38.20434505,38.19832084,38.19229318,38.18716934,38.18204549,38.17691821,38.17179436,38.16667052,38.16154667
Central Europe and the Baltics,31.94439667,31.97171585,32.04927672,32.10549862,32.15870758,32.21395238,32.26569502,32.32181524,32.37676893,32.43113618,32.48785447,32.61872176,32.79916191,32.92992848,33.05619899,33.19175623,33.28837501,33.38742088,33.48341452,33.54922806,33.64360777,33.74878234,33.86057812,33.93350468,34.03978031,34.14582404,34.25172011
Switzerland,29.11786355,29.22664569,29.33542473,29.44420687,29.55298591,29.66176804,29.77130222,29.8808407,29.99038595,30.09993551,30.20949371,30.32664425,30.44380259,30.56096807,30.67813827,30.79609254,30.88797203,30.97985426,31.07095907,31.16206079,31.2531625,31.34932732,31.44548904,31.54165385,31.63781558,31.73398039,31.8301452
Channel Islands,4.040404256,4.040404256,4.040404256,4.040404256,4.040404256,4.040404256,4.040404256,4.040404256,4.040404256,4.040404256,4.040404256,4.040404256,4.040404256,4.040404256,4.040404256,4.040404256,4.040404256,4.040404256,4.040404256,4.040404256,4.040404256,4.040404256,4.040404256,4.040404256,4.040404256,4.040404256,4.040404256
Chile,20.52769667,20.60449176,20.68128816,20.75808325,20.83487965,20.91167475,20.98846984,21.06526624,21.14206133,21.21885773,21.29565282,21.35160147,21.40755143,21.46350007,21.51945003,21.57539867,21.62623684,21.677075,21.72791448,21.77875265,21.82959081,22.234147399999998,22.63870136,23.04325795,23.44781191,23.8523685,24.25692509
China,16.73800695,16.94954797,17.16108733,17.37262669,17.58416771,17.79572602,18.00728645,18.21882626,18.43036607,18.64190754,18.85346743,19.19525698,19.53703617,19.87881579,20.22059245,20.56237213,20.72356302,20.88475227,21.0459418,21.20712991,21.36831943,21.53258961,21.69685979,21.86112996,22.02539848,22.18966865,22.35394181
Cote d'Ivoire,32.14465409,32.17798619,32.21132137,32.24465347,32.27798865,32.31132075,32.34465286,32.37798804,32.41132014,32.44465532,32.47798742,32.52641632,32.57484215,32.62327105,32.67169688,32.72012579,32.7188667,32.71761068,32.71635159,32.71509557,32.71383648,32.71257739,32.71132137,32.71006228,32.70880626,32.70754717,32.70628808
Cameroon,51.43957183,50.97417021,50.50876859,50.04336697,49.57796535,49.11256373,48.64716211,48.18176049,47.71635887,47.25095725,46.78555563,46.32015401,45.85475239,45.38935076,44.92394914,44.45854752,43.993145899999995,43.52774428,43.06234266,42.59694104,42.13153942,41.666137799999994,41.20073618,40.73533456,40.26993294,39.80453132,39.3391297
Dem. Rep. Congo,70.73641958,70.5990577,70.46170271,70.32434083,70.18698584,70.04962396,69.91226208,69.77490709,69.63754521,69.50019023,69.36282835,69.22546647,69.08811148,68.9507496,68.81339461,68.67603273,68.53867085,68.40131586,68.26395398,68.12659899,67.98923711,67.85187523,67.71452025,67.57715837,67.43980338,67.3024415,67.16507962
Congo,66.54758419,66.49780381,66.44802343,66.39824305,66.34846266,66.29868228,66.24890189999999,66.19912152,66.14934114,66.09956076,66.04978038,66.0,65.95021962,65.90043924,65.85065886,65.80087848,65.76573939,65.73060029,65.69546120000001,65.66032211,65.62518302,65.58008670000001,65.53499039,65.4898998,65.44480349,65.39970717,65.35461086
Colombia,58.05948626,57.82347059,57.58746198,57.35144632,57.1154377,56.87942204,56.64340638,56.40740128,56.1713821,55.935377,55.69936134,55.4114642,55.12357763,54.83568401,54.54779743,54.25990029,53.97760112,53.69530546,53.41301332,53.13071767,52.84841849,52.82433669,52.80026194,52.77618015,52.7521054,52.72802008,52.70393829
Comoros,26.32992928,26.11499026,25.9000533,25.68511428,25.47017731,25.25523829,25.04029927,24.825362300000002,24.61042329,24.39548632,24.1805473,23.85814082,23.53573229,23.21332582,22.89091729,22.56851081,22.24610434,21.92369581,21.60128933,21.278880800000003,20.95647433,20.74153531,20.52659834,20.31165932,20.09672235,19.88178334,19.66684432
Cabo Verde,14.33002481,14.93300256,15.53846127,16.14143996,16.74689773,17.34987548,17.95285322,18.55831288,19.16129063,19.76675029,20.36972614,20.44416858,20.51861103,20.59305158,20.66749402,20.74193458,20.81637702,20.89081946,20.96526002,21.03970246,21.11414301,21.35235808,21.59305128,21.83126634,22.06947951,22.30769269,22.54590586
Costa Rica,50.21543282,49.84723759,49.47904235,49.11085189,48.74265666,48.37446142,48.00626618,47.63807094,47.26988049,46.90168525,46.53349001,46.98394046,47.43439091,47.88484136,48.33529181,48.78574226,49.23227671,49.67881116,50.12534082,50.57187527,51.01840971,51.60986978,52.20132985,52.79279471,53.38425478,53.97571485,54.56717492
Caribbean small states,86.32263809,86.26157545,86.20056966,86.13953173,86.07850101,86.01743863,85.95642541,85.89539469,85.83435706,85.77332624,85.71228863,85.667877,85.62344065,85.57905402,85.53461767,85.49020636,85.45192239,85.4136583,85.37539913,85.33713535,85.29885146,85.25461329999999,85.21037512,85.16615924,85.12192105,85.07768324,85.03344508
Cuba,19.16201117,19.51303493,19.86405868,20.21508471,20.56610846,20.91713222,21.26815597,21.61917972,21.97020575,22.3212295,22.67225326,23.16014807,23.87254487,24.3627815,24.85292827,25.33821871,25.78220427,26.22134536,26.66290868,27.104471999999998,27.54603533,27.93857698,28.55075989,29.67568652,30.24802829,30.76331475,31.27860121
Curacao,,,,,,,,,,,,,,,,,,,,,,,,,,,
Cayman Islands,52.91666587,52.91666587,52.91666587,52.91666587,52.91666587,52.91666587,52.91666587,52.91666587,52.91666587,52.91666587,52.91666587,52.91666587,52.91666587,52.91666587,52.91666587,52.91666587,52.91666587,52.91666587,52.91666587,52.91666587,52.91666587,52.91666587,52.91666587,52.91666587,52.91666587,52.91666587,52.91666587
Cyprus,17.43614725,17.54978395,17.66342064,17.77705568,17.89069238,18.00432907,18.11796576,18.23160246,18.3452375,18.45887419,18.57251089,18.59956717,18.62662344,18.65259806,18.67965434,18.70671062,18.70671062,18.70671062,18.70671062,18.70562731,18.70562731,18.70238069,18.69913407,18.6969691,18.69372248,18.69047586,18.68722924
Czech Republic,34.02355377,34.02355377,34.02355377,34.05461243,34.06496637,34.07532031,34.08567424,34.09602818,34.10637896,34.116732899999995,34.12708684,34.1529701,34.17885337,34.20473664,34.23505048,34.26093710000001,34.29126214,34.3171521,34.34304207,34.36893204,34.39927499,34.42516831,34.45552247,34.48588449,34.51178451,34.54215775,34.56358456
Germany,32.36616733,32.38163547,32.39710081,32.41349735,32.42989204,32.44629046,32.46268982,32.48187883,32.50014382,32.51934096,32.53761284,32.55947263,32.58040475,32.60227631,32.62321874,32.64135795,32.65944024,32.67846388,32.69655509,32.71277359,32.73087185,32.73754877,32.74516555,32.71898647,32.72284322,32.73242345,32.69120678
Djibouti,0.24158757100000003,0.24158757100000003,0.24158757100000003,0.24158757100000003,0.24158757100000003,0.24158757100000003,0.24158757100000003,0.24158757100000003,0.24158757100000003,0.24158757100000003,0.24158757100000003,0.24158757100000003,0.24158757100000003,0.24158757100000003,0.24158757100000003,0.24158757100000003,0.24158757100000003,0.24158757100000003,0.24158757100000003,0.24158757100000003,0.24158757100000003,0.24158757100000003,0.24158757100000003,0.24158757100000003,0.24158757100000003,0.24158757100000003,0.24158757100000003
Dominica,66.66666667,66.30666606,65.96000163,65.60000102,65.24000041,64.87999980000001,64.53333537,64.17333476,63.81333415,63.46666463,63.10666911,62.746668500000006,62.38666789,62.03999837,61.67999776,61.32000224,60.96000163,60.61333211,60.253331499999994,59.90666707,59.54666646,59.18666585,58.84000142,58.48000081,58.133331299999995,57.77333577,57.41333516
Denmark,12.81434329,12.91413052,13.00164914,13.10134373,13.20103689,13.30073004,13.40042463,13.50011778,13.59981094,13.69950553,13.79919868,13.66815938,13.53712008,13.40608078,13.27504147,13.14400217,13.28258348,13.42116479,13.559746100000002,13.69832597,13.83690727,13.95522025,14.22100535,14.34055664,14.46010938,14.57966211,14.6992134
Dominican Rep.,22.87311116,23.66176724,24.45042333,25.23908195,26.02773803,26.81639412,27.60505021,28.3937063,29.18236491,29.971021,30.75967709,31.44690439,32.13413423,32.82136153,33.50859136,34.19581867,34.87890706,35.56199545,36.24508383,36.92817222,37.61126061,38.29848791,38.98571775,39.67294505,40.36017489,41.04740219,41.7346295
Algeria,0.69990847,0.6962136720000001,0.692518925,0.6888241270000001,0.68512938,0.681434581,0.6777397829999999,0.674045036,0.6703502379999999,0.666655491,0.6629606929999999,0.659349897,0.6557391020000001,0.652128255,0.64851746,0.644906665,0.6769840640000001,0.709061463,0.7411388109999999,0.77321621,0.805293609,0.8084845429999999,0.811675477,0.814866463,0.818057397,0.8212483309999999,0.824439265
East Asia & Pacific (excluding high income),28.69120046,28.67368698,28.65297394,28.63226057,28.61154725,28.59085152,28.57015625,28.54944193,28.52872847,28.50801582,28.51314928,28.653035499999998,28.79394436,28.93475321,29.07491111,29.21496228,29.29141267,29.36797092,29.44500977,29.52167941,29.59840531,29.6327445,29.66739942,29.70192531,29.73631997,29.77071478,29.80511193
Early-demographic dividend,24.78351208,24.63791603,24.49191908,24.05414758,23.91280339,23.76643387,23.62006473,23.47369541,23.34739067,23.20089584,23.05415702,22.98631765,22.91847861,22.85076389,22.784172,22.7163632,22.63243688,22.54857967,22.46490589,22.380738,22.29696231,22.22245213,22.14805747,22.07361844,21.99991113,21.9254141,21.850906600000002
East Asia & Pacific,25.77104825,25.76437977,25.75354203,25.74270409,25.73186617,25.72103851,25.71031626,25.69947806,25.68863962,25.67780209,25.68218426,25.76417396,25.84700053,25.92980155,26.01221992,26.09456653,26.10796639,26.12142254,26.13512156,26.14861096,26.162001899999996,26.19672308,26.23148699,26.26618677,26.30092992,26.33566382,26.35984558
Europe & Central Asia (excluding high income),38.37948354,38.38616686,38.39538638,38.4096864,38.42589103,38.43899462,38.44769808,38.45456555,38.45822444,38.45466419,38.47491067,38.48246479,38.4904876,38.496312599999996,38.50182368,38.50771253,38.58098936,38.64867457,38.71725889,38.78432722,38.85131116,38.86002537,38.8692097,38.878103700000004,38.88892787,38.89783943,38.90673721
Europe & Central Asia,37.271213700000004,37.30066139,37.33404935,37.37070972,37.4088446,37.44448892,37.47649441,37.41314238,37.44123226,37.4634317,37.48837421,37.50776782,37.526157700000006,37.54287689,37.56024692,37.57778527,37.65587698,37.72850034,37.80269688,37.87379422,37.94405755,37.96217964,37.98471473,38.00089124,38.02046154,38.03917669,38.05652352
Ecuador,52.84947843,52.52366129,52.19787589,51.87209049,51.54627334,51.22048795,50.89470607,50.56892068,56.00458932,55.64144931,55.27830537,54.96126465,54.64422785,54.32722645,54.01018572,53.69318825,53.37614753,53.059106799999995,52.74210933,52.42506861,52.1080672,51.79103041,51.47398968,51.15698828,50.83995149,50.52295008,50.20595261
Egypt,0.044201115,0.04570797099999999,0.047214827,0.048721684,0.05022854,0.051735395999999996,0.053242252000000004,0.054749108,0.056255965,0.057762821,0.059269677,0.060876989000000006,0.062484304000000004,0.06409161599999999,0.065698932,0.067306243,0.067908984,0.068511725,0.06911447400000001,0.069717215,0.070319956,0.070922697,0.071525438,0.072128186,0.072730927,0.073333668,0.07393640900000001
Euro area,34.37000562,34.59264513,34.83228659,35.06345095,35.29468365,35.52592631,35.75716325,35.98881715,36.22033484,36.45200133,36.52300929,36.63275463,36.72867893,36.82484525,36.93256398,37.03699296,37.2059627,37.36540372,37.533215500000004,37.69485183,37.83584686,37.92575507,38.00862668,38.07576913,38.16303569,38.257937,38.33915268
Eritrea,16.04950495,16.42534653,16.04950495,15.91584158,15.87128713,15.82673267,15.78217822,15.73762376,15.69306931,15.64851485,15.6039604,15.560395800000002,15.5168312,15.47326781,15.42970321,15.38613861,15.34257402,15.29900942,15.25544603,15.21188143,15.16831683,15.12475223,15.08118764,15.03762425,14.99405965,14.95049505,14.90693045
Spain,27.64994841,28.28415873,28.91834949,29.5525598,30.18674861,30.82095893,31.45514969,32.08936001,32.72355077,33.35775913,34.02192275,34.17710564,34.26378647,34.3743701,34.49869896,34.62720119,35.02166294,35.39927242,35.80826014,36.20538982,36.49366856,36.5714373,36.61556287,36.68379203,36.75204461,36.8607287,36.93620953
Estonia,52.04057561,52.04057561,52.21514278,52.30243212,52.38971571,52.47699929,52.56428288,52.65156646,52.73885581,52.82613939,52.91342298,52.95588697,52.99835097,53.04080921,53.08327321,53.125737199999996,53.04080921,52.95588697,52.87095898,52.78603675,52.70110875,52.69167487,52.68223522,51.36416031,51.3549552,51.34575569,51.33655619
Ethiopia,,,,14.691299800000003,14.55040039,14.4095,14.26859961,14.127700199999998,13.986799800000002,13.84590039,13.705,13.564,13.423,13.282,13.140999999999998,13.0,12.8592002,12.71840039,12.57759961,12.436799800000001,12.296,12.33659961,12.377200199999999,12.417799800000001,12.45840039,12.499,12.53959961
European Union,34.96133274,35.11590341,35.28340004,35.44572702,35.60720956,35.76928903,35.93034188,36.09293548,36.25510164,36.41718779,36.47933996,36.57832445,36.68303981,36.77350027,36.86976807,36.96674267,37.09026602,37.20848908,37.33109655,37.44080954,37.54666059,37.63500512,37.75169436,37.82653381,37.91391747,38.00618458,38.08967965
Fragile and conflict affected situations,30.40656555,30.29048951,30.16471518,30.04083125,29.91764464,29.79445744,29.67127023,29.54808362,29.42489593,29.30171009,29.17852289,29.06577245,28.95302358,28.84069752,28.72825813,28.61563764,28.49593066,28.37646987,28.25759797,28.14493012,28.02567842,27.88871838,27.75212432,27.61578823,27.47889003,27.341990799999998,27.20509156
Finland,71.81785351,72.00499031,72.19212712,72.37926393,72.56640074,72.75353754,72.94067435,73.12781116,73.31494796,73.50208477,73.68922158,73.49092094,73.29262031,73.09432608,72.89602545,72.69772481,72.86179343,72.91591305,73.01085884,73.06021718,73.10957552,73.11198131,73.11198131,73.11198131,73.11198131,73.10716989,73.10716989
Fiji,52.15654211,52.30706209,52.45812661,52.60864659,52.75971445,52.91023442,53.0607544,53.21182226,53.36234224,53.5134101,53.66393007,53.84783732,54.03229244,54.21620303,54.40065815,54.58456539,54.53694661,54.48877995,54.44116117,54.39354239,54.34592361,54.61193266,54.87794171,55.14395076,55.40996316,55.67597221,55.94198126
France,26.36394442,26.51972436,26.67550431,26.83128604,26.98706599,27.14284593,27.29862588,27.45440583,27.61018756,27.7659675,27.92169765,28.13062257,28.33954571,28.53283811,28.75739377,28.966847700000002,29.17248768,29.37812945,29.58376943,29.78941119,29.99505117,30.20142238,30.407793599999998,30.61416481,30.82053602,31.02690723,31.23327844
Faroe Islands,0.057306586,0.057306586,0.057306586,0.057306586,0.057306586,0.057306586,0.057306586,0.057306586,0.057306586,0.057306586,0.057306586,0.057306586,0.057306586,0.057306586,0.057306586,0.057306586,0.057306586,0.057306586,0.057306586,0.057306586,0.057306586,0.057306586,0.057306586,0.057306586,0.057306586,0.057306586,0.057306586
"Micronesia, Fed. Sts.",,90.87142944,90.91428484,90.95714024,90.98571232,91.02857317,91.07142857,91.10000065,91.14285605,91.18571690000002,91.2285723,91.25714438,91.29999978,91.34285518,91.38571603,91.41428811,91.45713806,91.50000436,91.52857099,91.57142639,91.61428179,91.65714809,91.68571472,91.72857012,91.77142552,91.81428092,91.85714722
Gabon,85.38052548,85.38052548,85.38052548,85.38052548,85.38052548,85.38052548,85.38052548,85.38052548,85.38052548,85.38052548,85.38052548,85.38052548,85.38052548,85.38052548,85.38052548,85.38052548,85.38052548,85.38052548,85.38052548,85.38052548,85.38052548,86.15671207,86.93289867,87.70908526,88.48527186,89.26145845,90.03764505
United Kingdom,11.48266027,11.55540899,11.6281567,11.70090542,11.77365313,11.84640185,11.91915057,11.99189828,12.064647,12.13739471,12.21014343,12.26553095,12.32091948,12.37630699,12.43169552,12.48708304,12.51849749,12.54991093,12.58132538,12.61273882,12.64415327,12.71442153,12.78468979,12.85495805,12.92522631,12.99549456,13.06576282
Georgia,39.60282055,39.60282055,39.63102548,39.64297077,39.65491606,39.66685784,39.67880313,39.69074842,39.70269019,39.71463548,39.72658077,39.76082862,39.79507997,39.82932782,39.86357918,39.89782703,40.04144453,40.18506204,40.32867954,40.47229705,40.61591455,40.61591455,40.61591455,40.61591455,40.61591455,40.61591455,40.61591455
Ghana,37.91421289,38.038148,38.16208311,38.28601393,38.40994904,38.53388415,38.65781926,38.78175438,38.9056852,39.02962031,39.15355542,39.28012571,39.40669601,39.53327059,39.65984089,39.78641118,39.91122612,40.03603676,40.1608517,40.28566234,40.41047728,40.53529222,40.66010286,40.784917799999995,40.90972844,41.03454338,41.15935831
Gibraltar,0.0,0.0,0.0,0.0,0.0,0.0,0.0,0.0,0.0,0.0,0.0,0.0,0.0,0.0,0.0,0.0,0.0,0.0,0.0,0.0,0.0,0.0,0.0,0.0,0.0,0.0,0.0
Guinea,29.56210321,29.41559499,29.26908677,29.12257854,28.97607032,28.829562100000004,28.68305388,28.53654566,28.39003744,28.24352922,28.097021,27.95051278,27.80400456,27.65749634,27.51098812,27.3644799,27.21797168,27.07146345,26.92495523,26.77844701,26.63193879,26.48543057,26.33892235,26.19241413,26.04590591,25.89939769,25.75288947
"Gambia, The",43.67588933,43.86363576,44.05138219,44.23913164,44.42687807,44.61462451,44.80237094,44.99011737,45.17786682,45.36561325,45.55335968,45.75098814,45.9486166,46.14624506,46.34387352,46.54150198,46.71936638,46.8972338,47.07509821,47.25296563,47.43083004,47.58893341,47.74703678,47.90513713,48.063240500000006,48.22134387,48.37944724
Guinea-Bissau,78.80512091,78.46372341,78.12233459999999,77.78093709999999,77.43954828,77.09815078,76.75675328,76.41536447,76.07396697,75.73257815,75.39118065,75.04978316,74.70839434,74.36699684,74.02560802,73.68421053,73.32859175,72.97297297,72.61735420000001,72.26173542,71.90611664,71.55049787,71.19487909,70.83926031,70.48364154,70.12802276,69.77240398
Eq. Guinea,66.31016043,65.89304987,65.47593496,65.05882439999999,64.64170949,64.22459893,63.80748837,63.39037346,62.973262899999995,62.55614799,62.13903743,61.72549107,61.311944700000005,60.89839398,60.48484761,60.07130125,59.65062215,59.22994739,58.80926829,58.38859354,57.96791444,57.55436807,57.14082171,56.72727099,56.31372462,55.90017825,55.48663189
Greece,25.59348332,25.82777309,26.06206286,26.29635452,26.53064429,26.76493406,26.99922383,27.23351359,27.46780526,27.70209503,27.93638479,28.17067456,28.40496433,28.63925599,28.87354576,29.10783553,29.342125300000003,29.57641507,29.81070673,30.044996500000003,30.27928627,30.51357604,30.74786581,30.98215747,31.21644724,31.45073701,31.68502677
Grenada,49.97058756,49.97058756,49.97058756,49.97058756,49.97058756,49.97058756,49.97058756,49.97058756,49.97058756,49.97058756,49.97058756,49.97058756,49.97058756,49.97058756,49.97058756,49.97058756,49.97058756,49.97058756,49.97058756,49.97058756,49.97058756,49.97058756,49.97058756,49.97058756,49.97058756,49.97058756,49.97058756
Greenland,0.00064384,0.00064384,0.00064384,0.00064384,0.00064384,0.00064384,0.00064384,0.000535997,0.000535997,0.000535997,0.000535997,0.000535997,0.000535997,0.000535997,0.000535997,0.000535997,0.000535997,0.000535997,0.000535997,0.000535997,0.000535997,0.000535997,0.000535997,0.000535997,0.000535997,0.000535997,0.000535997
Guatemala,44.30757745,43.80365808,43.29973871,42.79581934,42.29189996,41.78798059,41.28406122,40.78014184,40.27622247,39.7723031,39.26838373,38.76446435,38.26054498,37.75662561,37.25270623,36.74878686,36.34565182,35.94251678,35.53937945,35.13624441,34.73310937,34.393431299999996,34.05375094,33.71407287,33.37439252,33.03471445,32.69503637
Guam,46.2962963,46.2962963,46.2962963,46.2962963,46.2962963,46.2962963,46.2962963,46.2962963,46.2962963,46.2962963,46.2962963,46.2962963,46.2962963,46.2962963,46.2962963,46.2962963,46.2962963,46.2962963,46.2962963,46.2962963,46.2962963,46.2962963,46.2962963,46.2962963,46.2962963,46.2962963,46.2962963
Guyana,84.63296927,84.61366126,84.59436317,84.57505517,84.55575708,84.53644907,84.51714107,84.49784298,84.47853497,84.45923689,84.43992888,84.41960884,84.3992888,84.37896876,84.35864872,84.33832868,84.31191659,84.28549459,84.25908249999999,84.2326605,84.20624841,84.15544831,84.10464821,84.05384811,84.00304801,83.9522479,83.9014478
High income,28.45078444,28.47785963,28.50506868,28.53166083,28.55820419,28.58474781,28.61131622,28.58180774,28.60837354,28.63489095,28.65426256,28.66517647,28.675448499999998,28.68579692,28.69668406,28.70748414,28.71877308,28.72947024,28.75251805,28.76259218,28.77211253,28.80458925,28.83935497,28.87049664,28.90282051,28.93554036,28.95943189
"Hong Kong SAR, China",,,,,,,,,,,,,,,,,,,,,,,,,,,
Honduras,72.71427295,71.15560012,69.59692729999999,68.03825011,66.47957728,64.92090446,63.36223164,61.80355881,60.24488162,58.686208799999996,57.12753597,56.05505407,54.98257217,53.91009027,52.83760837,51.76512646,50.69264456,49.62016266,48.54768076,47.47519886,46.40271695,45.33023505,44.25775315,43.18527125,42.11278935,41.04030744,39.96782554
Heavily indebted poor countries (HIPC),35.64588965,35.49078675,35.33104959,33.994204100000005,33.83747639,33.68074743,33.52401847,33.36729076,33.21056155,33.05383382,32.89710488,32.74997445,32.60284483,32.45571458,32.30858496,32.16145453,31.99294751,31.82444126,31.655934100000003,31.48742785,31.31764129,31.1848419,31.05250291,30.92015417,30.78781523,30.655475399999997,30.52313557
Croatia,33.08889286,33.08889286,33.21409408,33.27669469,33.339295299999996,33.4018959,33.42265095,33.48517328,33.58969773,33.65229834,33.71489894,33.779287700000005,33.84367647,33.90806741,33.94210194,34.00643317,34.06719129,34.12794941,34.18870535,34.24946347,34.31022159,34.31736999,34.32451839,34.3316646,34.338813,34.3459614,34.3531098
Haiti,4.2089985489999995,4.18359953,4.158200235,4.132801216,4.107401921,4.082002903,4.056603883999999,4.031204589,4.005805571000001,3.980406275,3.9550072569999997,3.92597957,3.89695216,3.867924473,3.838897063,3.8098693760000004,3.780841689,3.751814279,3.722786592,3.693759182,3.664731495,3.635703808,3.6066763980000003,3.577648711,3.5486213010000003,3.5195936139999997,3.490565927
Hungary,20.04005786,20.16913292,20.29820798,20.42955763,20.55864706,20.68773648,20.816825899999998,20.95991037,21.089087399999997,21.21826308,21.39031466,21.53760267,21.68489204,21.83218004,21.97946941,22.12922665,22.26983568,22.41044472,22.55105511,22.461062899999998,22.60024301,22.65105598,22.70186625,22.75267921,22.80348948,22.85430244,22.90511541
IBRD only,34.49388756,34.44160045,34.38934439,34.33880364,34.28876632,34.23782412,34.18557306,34.13281608,34.093151500000005,34.03736797,33.99551977,33.97964449,33.96418029,33.94807354,33.93155798,33.91522004,33.912260700000004,33.90769003,33.90338585,33.89987348,33.89508217,33.88756031,33.88015746,33.87277131,33.865255499999996,33.85777221,33.85028373
IDA & IBRD total,33.5316261,33.44931991,33.36613288,33.08513615,33.0055077,32.92277578,32.83910341,32.75507375,32.68037474,32.5941821,32.51778527,32.46867466,32.41985556,32.37064892,32.32171104,32.27228718,32.23661977,32.19985048,32.16336175,32.12736166,32.0902428,32.04875664,32.00749702,31.96621958,31.92524086,31.88387428,31.84249625
IDA total,30.62121236,30.44820219,30.27146555,29.45192451,29.28571971,29.11100081,28.93626977,28.76155221,28.58683217,28.41211523,28.23699488,28.09166145,27.94632981,27.80122962,27.6579902,27.51270199,27.38256848,27.25256244,27.12286175,26.9929352,26.86230081,26.72248991,26.58314405,26.44370199,26.305511199999998,26.16599628,26.02645655
IDA blend,24.39780383,24.19256706,23.99311115,23.79044215,23.58813912,23.38583177,23.18348653,22.98118176,22.77887227,22.57656782,22.37429502,22.20866344,22.04303337,21.87744072,21.71177391,21.54610616,21.43821829,21.33033087,21.22244276,21.11455702,21.00681023,20.82612668,20.64541186,20.46466096,20.28401419,20.10329741,19.92258127
Indonesia,65.43771425,64.38139207,63.3250699,62.26875204,61.21242986,60.15610769,59.09978551,58.04346334,56.98714547,55.9308233,54.87450112,54.703158900000005,54.53181667,54.36047013,54.189127899999995,54.01778568,53.63966063,53.26153557,52.88341052,52.50528547,52.12716042,51.74936743,51.37157445,50.99377715,50.61598417,50.23819118,49.8603982
IDA only,32.80114599,32.63931073,32.47053179,31.32480633,31.17126511,31.00567309,30.84008062,30.67448949,30.50889659,30.34330611,30.17712723,30.03851103,29.89989672,29.76159545,29.625980600000005,29.48744721,29.34993255,29.21259952,29.07570247,28.93848223,28.80018872,28.67387381,28.54823746,28.42248037,28.29846716,28.17259188,28.04668084
Isle of Man,6.070175506,6.070175506,6.070175506,6.070175506,6.070175506,6.070175506,6.070175506,6.070175506,6.070175506,6.070175506,6.070175506,6.070175506,6.070175506,6.070175506,6.070175506,6.070175506,6.070175506,6.070175506,6.070175506,6.070175506,6.070175506,6.070175506,6.070175506,6.070175506,6.070175506,6.070175506,6.070175506
India,21.50518467,21.55398799,21.60279001,21.65159333,21.70039535,21.74919867,21.798002,21.84680401,21.89560734,21.94440935,21.99321268,22.14920569,22.30520134,22.46119435,22.61719,22.77318301,22.91316839,23.05315114,23.19313652,23.33311927,23.47310465,23.53310701,23.59310938,23.65311437,23.71311674,23.77311911,23.83312147
Not classified,,,,,,,,,,,,,,,,,,,,,,,,,,,
Ireland,6.749891131,6.996661344,7.243286257,7.49005647,7.736681383,7.983451596,8.230076509,8.476846722000001,8.723472521,8.970242734,9.216867647,9.390767785,9.564523507,9.738423645,9.912323782,10.08622481,10.17564233,10.26491544,10.35447826,10.44389578,10.53316889,10.61561907,10.69806924,10.78037412,10.86282518,10.94527536,11.02772554
Iran,5.572373812,5.58769833,5.603023447000001,5.618347964,5.6336724810000005,5.6489969989999995,5.664321516,5.679646032999999,5.694970551,5.710295068,5.7256195860000005,5.893391244,6.061169497000001,6.228941155,6.396718808999999,6.564491066,6.564491066,6.564491066,6.564491066,6.564491066,6.564491066,6.564491066,6.564491066,6.564491066,6.564491066,6.564491066,6.564491066
Iraq,1.838260512,1.841461519,1.844662386,1.8478633930000001,1.85106426,1.854265267,1.857466274,1.8606671419999998,1.863868149,1.8670690159999999,1.8702700230000002,1.87347103,1.8766718969999998,1.879872904,1.883073772,1.886274779,1.886274779,1.886274779,1.886274779,1.89952109,1.89952109,1.89952109,1.89952109,1.90036115,1.90036115,1.90036115,1.90036115
Iceland,0.160598508,0.173266841,0.18593515600000002,0.19860349,0.211271823,0.223940157,0.236608472,0.24927680600000002,0.261945139,0.274613473,0.287281788,0.302643393,0.31800497899999997,0.333366565,0.34872817,0.36408977600000003,0.37645887,0.388827926,0.40119702,0.413566076,0.42593517,0.438902743,0.451870317,0.46483789,0.47780550200000005,0.490773075,0.503740648
Israel,6.099815157,6.196857952999999,6.293900044,6.39094284,6.487984931000001,6.585027726,6.682070522,6.779112613,6.876155409,6.9731975,7.070240296000001,7.088724302,7.107209012999999,7.12569302,7.144177731,7.162661738,7.153419734,7.144177731,7.134935023,7.12569302,7.116451017,7.218114462000001,7.3197779060000006,7.421442057,7.523105501,7.6247689460000005,7.726432391
Italy,25.80667097,26.07153753,26.33640408,26.6012723,26.86613885,27.13100541,27.39587196,27.66073852,27.92560673,28.19047162,28.45533984,28.72054673,28.98575363,29.24797715,29.513157,29.77833685,29.96124228,30.14414772,30.32705647,30.50996191,30.69286734,30.87577278,31.05867821,31.24158697,31.4244924,31.60739784,31.79030327
Jamaica,31.819021799999998,31.78485789,31.75069117,31.71652726,31.68236335,31.64819945,31.61403554,31.57987163,31.54570772,31.511540999999998,31.47737709,31.44598315,31.41458922,31.38319528,31.35180134,31.32040741,31.281625,31.242842600000003,31.20406301,31.16528061,31.12650103,31.09141286,31.05632468,31.02123651,30.98614834,30.95106299,30.91597482
Jordan,1.10494107,1.10494107,1.10494107,1.10494107,1.10494107,1.10494107,1.10494107,1.10494107,1.10494107,1.10494107,1.10494107,1.10494107,1.10494107,1.10494107,1.10494107,1.10494107,1.10494107,1.10494107,1.10494107,1.09822032,1.09822032,1.09822032,1.09822032,1.09822032,1.09822032,1.09822032,1.09822032
Japan,68.43115743,68.41086015,68.39056286,68.37027093,68.34997364,68.32967636,68.32811964,68.30781679,68.28751929,68.26721644,68.24691358,68.27928884,68.31165874,68.34403399,68.37640389,68.40877915,68.42578661,68.44279943,68.45980688,68.47681970000001,68.48443286,68.47910573,68.47377875,68.46938561,68.46499783,68.46061005,68.45622227
Kazakhstan,1.267548246,1.267548246,1.2633255909999999,1.261214173,1.259102845,1.256991518,1.25488019,1.252768862,1.250657444,1.248546117,1.246434789,1.244360448,1.242286198,1.240211857,1.238137607,1.236063266,1.2339889259999999,1.231914675,1.229840335,1.227766084,1.2256917440000001,1.2256917440000001,1.2256917440000001,1.2256917440000001,1.2256917440000001,1.2256917440000001,1.2256917440000001
Kenya,8.300242471,8.095195918,7.890150222999999,7.685103669,7.480057974,7.275011421,7.069965296,6.8649191720000005,6.659872619,6.454826495,6.24978037,6.42196999,6.594159609,6.766349228999999,6.938538847999999,7.110728468,7.175036191,7.239343914,7.30365078,7.367958503,7.432266226,7.49657395,7.560881673,7.625188538,7.6894962620000005,7.753803985,7.818111707999999
Kyrgyz Republic,4.3587069860000005,4.3587069860000005,4.383628933,4.3950467710000005,4.406464928,4.417883084,4.429301241,4.440719398,4.452137554,4.463555711000001,4.474973868,4.486444213,4.497914558,4.509384903,4.52085493,4.532325275,4.3318041019999995,4.1312826110000005,3.93076112,3.730239948,3.529718457,3.488008342,3.4462982269999998,3.404588113,3.362877998,3.321167883,3.279457769
Cambodia,73.32880127,72.53682413,71.74484699,70.95286432,70.16088718,69.36891004,68.5769329,67.78495576,66.99297309,66.20099595,65.40901881,64.48561070000001,63.56220258,62.63879447,61.71538636,60.79197825,60.07024478,59.34851686,58.62678339,57.90505546,57.183322,56.46158854,55.73986061,55.01812715,54.29639922,53.57466576,52.8529323
Kiribati,14.99999953,14.99999953,14.99999953,14.99999953,14.99999953,14.99999953,14.99999953,14.99999953,14.99999953,14.99999953,14.99999953,14.99999953,14.99999953,14.99999953,14.99999953,14.99999953,14.99999953,14.99999953,14.99999953,14.99999953,14.99999953,14.99999953,14.99999953,14.99999953,14.99999953,14.99999953,14.99999953
St. Kitts and Nevis,42.30769231,42.30769231,42.30769231,42.30769231,42.30769231,42.30769231,42.30769231,42.30769231,42.30769231,42.30769231,42.30769231,42.30769231,42.30769231,42.30769231,42.30769231,42.30769231,42.30769231,42.30769231,42.30769231,42.30769231,42.30769231,42.30769231,42.30769231,42.30769231,42.30769231,42.30769231,42.30769231
"Korea, Rep.",66.03773585,65.95272449,65.8677182,65.78270685,65.69770055,65.6126892,65.52767784,65.44267155,65.35766019,65.2726539,65.18764255,64.93074119,64.82900924,64.75413425,64.67258932,64.58440888,64.49628305,64.40156629,64.28704191,64.1726777,64.01234568,63.94073364,63.78378178,63.62983643,63.54921582,63.46143979,63.35483649
Kuwait,0.19360269600000002,0.20145903,0.209315377,0.21717171100000002,0.22502807100000002,0.232884405,0.24074073899999998,0.248597072,0.256453433,0.264309766,0.27216609999999997,0.280022434,0.287878794,0.295735128,0.303591462,0.311447822,0.319304156,0.32716049,0.335016823,0.342873184,0.35072951700000005,0.35072951700000005,0.35072951700000005,0.35072951700000005,0.35072951700000005,0.35072951700000005,0.35072951700000005
Latin America & Caribbean (excluding high income),52.59557581,52.35602347,52.11647628,51.87692442,51.63737625,51.39782438,51.1582736,50.91872619,50.75504974,50.51514209,50.27523373,50.02211089,49.77163056,49.5184698,49.26530756,49.01209481,48.82141278,48.63067861,48.43997198,48.24926348,48.0585563,47.92666959,47.79689266,47.67165994,47.54132455,47.41048725,47.279650200000006
Lao PDR,76.45104155,75.96624682,75.48145208,74.99666581,74.51187107,74.02707634,73.54224775,73.05745302,72.57265828,72.08787201,71.60307727,71.90091191,72.19878886,72.4966235,72.79450045,73.09233508,73.91196213,74.73158917,75.55121622,76.37084326,77.19047031,78.01009735,78.8297244,79.64935144,80.46897849,81.28860553,82.10823257
Lebanon,12.8054741,12.8054741,12.8054741,12.8054741,12.8054741,12.8054741,12.8054741,12.8054741,12.8054741,12.8054741,12.8054741,12.91300157,13.02052756,13.12805504,13.23558103,13.3431085,13.35092882,13.35874914,13.36656945,13.37438977,13.38220859,13.39002891,13.39784922,13.40566954,13.41348986,13.42131017,13.42913049
Liberia,51.17317276,50.86171096,50.55024917,50.23878738,49.92732558,49.61586379,49.30440199,48.9929402,48.68147841,48.37001661,48.05855482,47.74709302,47.43563123,47.12416944,46.81270764,46.50124585,46.18978405,45.87832226,45.56686047,45.25539867,44.94393688,44.63247508,44.32101329,44.0095515,43.698089700000004,43.38662791,43.07516611
Libya,0.123327688,0.123327688,0.123327688,0.123327688,0.123327688,0.123327688,0.123327688,0.123327688,0.123327688,0.123327688,0.123327688,0.123327688,0.123327688,0.123327688,0.123327688,0.123327688,0.123327688,0.123327688,0.123327688,0.123327688,0.123327688,0.123327688,0.123327688,0.123327688,0.123327688,0.123327688,0.123327688
St. Lucia,35.73770367,35.63934389,35.54098411,35.44262433,35.34426142,35.24590164,35.14754186,35.04917895,34.95081917,34.85245939,34.75409961,34.655736700000006,34.55737692,34.45901714,34.36065424,34.26229446,34.16393468,34.0655749,33.96721199,33.86885221,33.77049243,33.67213265,33.57376974,33.47540996,33.37705018,33.27868727,33.18032749
Latin America & Caribbean,51.03119523,50.80940919,50.58762756,50.36584197,50.144059399999996,49.92227329999999,49.70048824,49.4787064,49.32691387,49.10481537,48.88271667,48.64529285,48.410308,48.17284965,47.93538943,47.69788302,47.52017689,47.34242157,47.16469233,46.98696073,46.80923138,46.69964853,46.59201574,46.48858974,46.38044314,46.27183309,46.16329869
Least developed countries: UN classification,33.97292064,33.80978284,33.64211941,32.41884862,32.26714469,32.1028049,31.93846466,31.77412617,31.60978579,31.4454474,31.2804913,31.14037977,31.00026965,30.86015848,30.72316667,30.58314423,30.44749943,30.31195928,30.176861100000004,30.04142243,29.904837800000003,29.775359100000003,29.646594800000003,29.51770317,29.38870373,29.25970278,29.13065758
Low income,29.83748005,29.69408479,29.54472162,28.32002173,28.17371494,28.02740677,27.88109861,27.73479181,27.58848343,27.4421766,27.29516867,27.15963949,27.02411139,26.88895663,26.75346583,26.61793457,26.47629509,26.33475415,26.19323162,26.05171007,25.90885918,25.79194235,25.67551029,25.55906792,25.44482394,25.32837364,25.21193079
Liechtenstein,40.625,40.87499976,41.12499952,41.37499928,41.62499905,41.87499881,42.12499857,42.37500131,42.62500107,42.87500083,43.1250006,43.1250006,43.1250006,43.1250006,43.1250006,43.1250006,43.1250006,43.1250006,43.1250006,43.1250006,43.1250006,43.1250006,43.1250006,43.1250006,43.1250006,43.1250006,43.1250006
Sri Lanka,36.42162335,36.27491706,36.12821077,35.9815006,35.83479431,35.68808802,35.54138174,35.39467545,35.24796527,35.10125899,34.9545527,34.71854491,34.48253711,34.24653321,34.01052542,33.77451762,33.72667836,33.6788391,33.63099984,33.58316058,33.53532132,33.43007339,33.32482935,33.21958143,33.11433739,33.00908946,32.90384153
Lower middle income,32.42262476,32.21677017,32.01317192,31.80729594,31.612414500000003,31.40660992,31.20078926,30.99498427,30.78917901,30.58337422,30.39934355,30.31945736,30.24044316,30.16133372,30.08416752,30.00433028,29.90632344,29.80842076,29.71087216,29.61301322,29.51525674,29.39610725,29.27719095,29.15815769,29.03910907,28.91998735,28.80082717
Low & middle income,33.70642257,33.62062065,33.53410141,33.24561482,33.16279135,33.07681128,32.98989975,32.90259956,32.82476119,32.73526153,32.65571996,32.60426829,32.55346931,32.50189802,32.45066686,32.39888554,32.36092939,32.32184986,32.28305197,32.24475049,32.20531926,32.15878036,32.11277749,32.06738735,32.02159024,31.97533642,31.92907099
Lesotho,1.317523057,1.324110697,1.330698337,1.337285852,1.343873493,1.350461133,1.357048773,1.3636364140000001,1.370223929,1.376811569,1.383399209,1.38998685,1.39657449,1.403162005,1.409749645,1.4163372859999999,1.4229249259999999,1.429512567,1.436100081,1.4426877219999998,1.4492753619999998,1.4822134390000001,1.515151515,1.548089592,1.5810276680000002,1.6139657440000001,1.646903821
Late-demographic dividend,38.78138069,38.7723618,38.76538771,38.7606379,38.75686696,38.75151067,38.74390044,38.73534408,38.72514529,38.71125893,38.7220969,38.72022243,38.71746974,38.715159,38.71216548,38.70940915,38.75404419,38.79573483,38.83793688,38.87928197,38.92067553,38.94109383,38.96168763,38.98115949,39.00159707,39.02203108,39.04246364
Lithuania,31.03063178,31.03063178,31.26994257,31.38959796,31.50925335,31.62890874,31.74856414,31.86821953,31.98787492,32.10753031,32.22718571,32.54945678,32.87172786,33.19400283,33.51627391,33.83854499,33.99489548,34.15124597,34.31032951,34.46669248,34.62305544,34.65551957,34.68743073,34.718787400000004,34.76456504,34.79648843,34.83285866
Luxembourg,,,,,,,,,,,35.67901109,35.67901109,35.67901109,35.67901109,35.67901109,35.67901109,35.67901109,35.67901109,35.67901109,35.67901109,35.67901109,35.67901109,35.67901109,35.67901109,35.67901109,35.67901109,35.67901109
Latvia,51.01614252,51.01614252,51.23480686,51.34413551,51.45346808,51.56280066,51.67213323,51.7814658,51.89079445,52.00012702,52.1094596,52.289534700000004,52.4696098,52.64968883,52.82976393,53.00983903,53.19312899,53.37642287,53.55971283,53.75683657,53.88817481,53.92925888,53.95304035,53.95079516,53.96590701,53.97233837,53.97876974
"Macao SAR, China",,,,,,,,,,,,,,,,,,,,,,,,,,,
St. Martin (French part),18.38235294,18.38235294,18.38235294,18.38235294,18.38235294,18.38235294,18.38235294,18.38235294,18.38235294,18.38235294,18.38235294,18.38235294,18.38235294,18.38235294,18.38235294,18.38235294,18.38235294,18.38235294,18.38235294,18.38235294,18.38235294,18.38235294,18.38235294,18.38235294,18.38235294,18.38235294,
Morocco,11.10015685,11.10889514,11.11763344,11.12637283,11.13511113,11.14384943,11.15258773,11.16132602,11.17006542,11.17880371,11.18754201,11.37037889,11.55321576,11.73605155,11.91888842,12.101725300000002,12.22316871,12.34461103,12.46605444,12.58749676,12.70894017,12.69101501,12.67308985,12.65516469,12.63723952,12.61931436,12.6013892
Monaco,,,,,,,,,,,,,,,,,,,,,,,,,,,
Moldova,9.704898083,9.704898083,9.735320961000001,9.726858877,9.744990892999999,9.76313392,9.778317643,9.796476306,9.814646004,9.832826747999999,9.854014599,10.0912405,10.32846734,10.56890763,10.80292008,11.0367893,11.17664962,11.31650995,11.45636935,11.59622967,11.75038052,11.89041114,12.02678065,12.15936703,12.30301168,12.43917275,12.57525102
Madagascar,23.54438216,23.42934211,23.31430374,23.19926369,23.08422532,22.96918527,22.85414522,22.73910685,22.6240668,22.50902843,22.39398838,22.33036421,22.26674004,22.20311586,22.13949169,22.07586752,21.97785191,21.8798363,21.78182068,21.68380507,21.58578946,21.54882734,21.52132624,21.49364043,21.46613957,21.43863871,21.41113785
Maldives,3.333333333,3.333333333,3.333333333,3.333333333,3.333333333,3.333333333,3.333333333,3.333333333,3.333333333,3.333333333,3.333333333,3.333333333,3.333333333,3.333333333,3.333333333,3.333333333,3.333333333,3.333333333,3.333333333,3.333333333,3.333333333,3.333333333,3.333333333,3.333333333,3.333333333,3.333333333,3.333333333
Middle East & North Africa,1.775240626,1.780327807,1.785412784,1.7905,1.795588062,1.800675235,1.805763298,1.810850469,1.815938575,1.821026637,1.82611381,1.8593163369999999,1.892518933,1.925751394,1.958956181,1.992157582,2.005801705,2.019453724,2.033106647,2.047219955,2.0608801,2.062104273,2.063329705,2.06459012,2.065815943,2.06703976,2.068264864
Mexico,35.88569665,35.78775255,35.68980844,35.59186032,35.49391622,35.39597212,35.29802802,35.20008391,35.10213579,35.00419169,34.90624759,34.82671799,34.74718839,34.66766281,34.58813321,34.50860362,34.44841688,34.38823015,34.32804342,34.26785668,34.20766995,34.16054859,34.11342724,34.0663099,34.01918854,33.97206718,33.92494583
Marshall Islands,,70.22222413,70.22222413,70.22222413,70.22222413,70.22222413,70.22222413,70.22222413,70.22222413,70.22222413,70.22222413,70.22222413,70.22222413,70.22222413,70.22222413,70.22222413,70.22222413,70.22222413,70.22222413,70.22222413,70.22222413,70.22222413,70.22222413,70.22222413,70.22222413,70.22222413,70.22222413
Middle income,34.32900339,34.25246129999999,34.17605463,34.10090914,34.02923841,33.95376881,33.87717753,33.80011752,33.73447047,33.65476019,33.58721882,33.55038779,33.51434565,33.47729012,33.44071859,33.40349061,33.38360288,33.36233442,33.3414034,33.32107488,33.29967333,33.26537886,33.23162694,33.19862212,33.16462547,33.13057185,33.0965024
North Macedonia,35.86315376,35.86315376,36.22493166,36.40581942,36.58670957,36.76759733,36.94848508,37.12937523,37.31026299,37.49115314,37.6720409,37.80574221,37.93944112,38.07314244,38.20684135,38.34054267,38.52143042,39.00911662,39.19143828,39.38937448,39.57176844,39.57176844,39.57176844,39.57176844,39.57176844,39.57176844,39.57176844
Mali,5.482752686,5.418008671,5.353264656,5.28852064,5.223776625,5.15903261,5.094288594,5.0295445789999995,4.964800564,4.900056548999999,4.835312533,4.770568518,4.7058245030000005,4.641080487,4.5763364719999995,4.511592457,4.446848442,4.382104426000001,4.317360411,4.2526163960000005,4.187872381,4.123128365,4.05838435,3.993640335,3.9288963189999997,3.8641523039999996,3.7994082889999996
Malta,1.093749981,1.093749981,1.093749981,1.093749981,1.093749981,1.093749981,1.093749981,1.093749981,1.093749981,1.093749981,1.093749981,1.093749981,1.093749981,1.093749981,1.093749981,1.093749981,1.093749981,1.093749981,1.093749981,1.093749981,1.093749981,1.093749981,1.093749981,1.093749981,1.093749981,1.093749981,1.093749981
Myanmar,60.00856872,59.34296294,58.67735716,58.01175138,57.34614561,56.68053983,56.01493405,55.34932827,54.683722499999995,54.01811672,53.35251094,52.87909166,52.4056664,51.93224712,51.46827223,50.999449,50.51708332,50.03947971,49.58166754,49.10852535,48.63760218,47.79898607,46.97266971,46.14105589,45.30440435,44.4677528,43.63110126
Middle East & North Africa (excluding high income),2.148237907,2.153832562,2.15942733,2.165022041,2.170616697,2.1762113519999997,2.181806007,2.187400662,2.192995374,2.198590029,2.204184684,2.247195149,2.290206859,2.333267384,2.376285424,2.4192970480000002,2.436897552,2.454511953,2.472129217,2.490469624,2.508094919,2.509307701,2.510520483,2.51178908,2.513001896,2.514214698,2.515427499
Montenegro,46.54275093,46.54275093,46.54275093,46.54275093,46.54275093,46.54275093,46.54275093,46.54275093,46.54275093,46.54275093,46.54275093,46.54275093,46.54275093,46.54275093,46.54275093,46.54275093,49.53159942,52.52044791,55.50929187,58.49814036,61.48698885,61.48698885,61.48698885,61.48698885,61.48698885,61.48698885,61.48698885
Mongolia,8.069208785,8.016490904,7.963773652,7.911055772,7.85833852,7.805620639,7.752902757999999,7.700185506,7.647467626,7.594750374,7.542032493,7.489379358,7.436726222999999,7.3840724589999995,7.331419324,7.278766189,7.501635105,7.7245040220000005,7.94737231,8.170241227,8.393110144,8.330492496,8.267874848,8.205257827999999,8.14264018,8.080022532000001,8.017404884
Northern Mariana Islands,,72.69564919,72.34782343,71.99999768,71.63043644,71.28261069,70.91304116,70.56521540000001,70.19565416,69.84782841,69.47825888,69.13043312,68.78260737,68.41304199,68.06521623,67.69565085,67.34782509,66.97825971,66.63043395,66.26086857,65.91304281,65.54347743,65.19565168,64.84782592,64.47826054,64.13043478,63.78260903
Mozambique,55.16162669,54.88313538,54.60464407,54.32615275,54.04766144,53.76917012,53.49067881,53.21218749,52.93369618,52.65520486,52.37671355,52.09466062,51.81260769,51.53055973,51.248506799999994,50.96645388,50.68491259,50.40336634,50.12182505,49.84027879,49.55873751,49.29627097,49.03379946,48.77133292,48.50886141,48.24639487,47.98392833
Mauritania,0.40263898299999995,0.393130894,0.383622775,0.374114685,0.364606566,0.355098477,0.34559038700000005,0.33608226799999996,0.32657417899999996,0.31706606,0.30755797,0.297855826,0.28815368199999997,0.278451538,0.268749394,0.259047249,0.25419617699999997,0.249345105,0.244494033,0.23964296100000002,0.23479188899999998,0.23139613899999997,0.228000388,0.224604638,0.221208887,0.217813137,0.21441738600000002
Mauritius,20.24630467,20.28571444,20.32512233,20.36453209,20.40393998,20.44334975,20.48275952,20.52216741,20.56157718,20.60098507,20.64039484,20.27586199,19.91132915,19.54679818,19.18226533,18.81773437,18.83743925,18.85714226,18.87684714,18.89655202,18.91625691,18.93595991,18.9556648,18.97536968,18.99507457,19.01477757,19.03448246
Malawi,41.32371659,40.97475708,40.62579498,40.27683548,39.92787338,39.57891387,39.22995437,38.88099227,38.53203276,38.18307067,37.83411116,37.48408994,37.13406873,36.78404752,36.4340263,36.08400509,35.73398388,35.38396266,35.03394145,34.68392024,34.33389902,34.14297836,33.952057700000005,33.76113704,33.57021638,33.37929571,33.18837505
Malaysia,68.10531122,67.86638259,67.62745396,67.38852534,67.14959671,66.91066809,66.67173946,66.43281084,66.19388221,65.95495358,65.71602496,65.28930385,64.86257681,64.4358557,64.00912865,63.58240755,64.33358935,65.08476521,65.83594701,66.58712287,67.33830467,67.3815225,67.42474628,67.46796411,67.51118789,67.55440572,67.59762355
North America,35.65117898,35.65454838,35.65791778,35.66128717,35.66465657,35.66802597,35.67139536,35.67476476,35.67813416,35.68150356,35.6790869,35.68998773,35.70088857,35.711789399999994,35.72269023,35.73359107,35.77400529,35.81442123,35.88333865,35.92378672,35.96423307,35.97675467,35.98927626,36.00179615,36.01431774,36.02683934,36.03936094
Namibia,10.6426654,10.55399677,10.46532813,10.3766595,10.28799087,10.19932223,10.1106536,10.02198496,9.933316328,9.844647693999999,9.75597906,9.665852621,9.575726776,9.485600338,9.395474493,9.305348055,9.215221617000001,9.125095771,9.034969333,8.944843488,8.85471705,8.764590612000001,8.674464767,8.584338328,8.494212483,8.404086045,8.313959607000001
New Caledonia,45.89715536,45.89715536,45.89715536,45.89715536,45.89715536,45.89715536,45.89715536,45.89715536,45.89715536,45.89715536,45.89715536,45.89715536,45.89715536,45.89715536,45.89715536,45.89715536,45.89715536,45.89715536,45.89715536,45.89715536,45.89715536,45.89715536,45.89715536,45.89715536,45.89715536,45.89715536,45.89715536
Niger,1.535485908,1.4867767019999998,1.4380674,1.3893581940000002,1.340648892,1.2919396859999999,1.24323048,1.194521178,1.145811972,1.097102669,1.048393463,1.038604228,1.028814993,1.0190258540000001,1.0092366179999999,0.999447383,0.989658148,0.979868912,0.9700797729999999,0.960290538,0.950501303,0.940712067,0.930922832,0.9211336929999999,0.911344458,0.901555222,0.891765987
Nigeria,18.92245023,18.47261195,18.02277151,17.57293322,17.12309386,16.673254500000002,16.22341514,15.77357578,15.32373749,14.87389813,14.42405876,13.97432984,13.52459985,13.07487093,12.62514094,12.17541201,11.72568309,11.2759531,10.82622418,10.37649419,9.926765265,9.477036344,9.02730635,8.577577429,8.127847972,7.678118515,7.228389057999999
Nicaragua,37.51038724,36.92870201,36.34701679,35.76533156,35.18364634,34.60196111,34.02027588,33.43859066,32.85690543,32.27522021,31.69353498,31.11184976,30.53016453,29.94847931,29.36679408,28.78510886,28.20342363,27.62173841,27.04005318,26.45836796,25.87668273,25.87668273,25.87668273,25.87668273,25.87668273,25.87668273,25.87668273
Netherlands,10.21919431,10.26362559,10.30805687,10.35248815,10.39691943,10.44135071,10.48578199,10.53021327,10.57464455,10.61907583,10.66350711,10.69312796,10.72274882,10.75236967,10.78199052,10.81161137,10.85900492,10.90639847,10.95379111,11.01096928,11.05840498,11.07947824,11.09727201,11.12496253,11.14277215,11.16058178,11.1783914
Norway,33.21615282,33.21094974,33.20574935,33.20054627,33.19534588,33.190142800000004,33.18493973,33.17973934,33.17453626,33.16933587,33.16413279,33.1526331,33.141133399999994,33.12963638,33.11813668,33.10663698,33.11211277,33.11758856,33.12306436,33.12854015,33.13401594,33.13949173,33.14496752,33.16142708,33.16690469,33.1723823,33.1778599
Nepal,33.68531469,33.04405458,32.40279789,31.76153778,31.12028109,30.47902098,29.83776087,29.19650418,28.55524407,27.91398567,27.20613882,26.83780922,26.46947961,26.10115171,25.73282211,25.364492499999997,25.364492499999997,25.364492499999997,25.364492499999997,25.364492499999997,25.364492499999997,25.364492499999997,25.364492499999997,25.364492499999997,25.364492499999997,25.364492499999997,25.364492499999997
Nauru,0.0,0.0,0.0,0.0,0.0,0.0,0.0,0.0,0.0,0.0,0.0,0.0,0.0,0.0,0.0,0.0,0.0,0.0,0.0,0.0,0.0,0.0,0.0,0.0,0.0,0.0,0.0
New Zealand,36.67919942,36.86187235,37.04454899,37.22722192,37.40989856,37.59257149,37.77524442,37.95792106,38.14059399,38.32327063,38.50594356,38.53936351,38.57278345,38.6062071,38.63962704,38.67304698,38.64873954,38.62443582,38.60012838,38.57582466,38.55151722,38.55227753,38.55303783,38.55379442,38.55455473,38.55531503,38.55607533
OECD members,30.88162974,30.90200161,30.92364343,30.94474731,30.96580114,30.9868555,31.00800021,31.02913672,31.050209499999998,31.07129205,31.08262601,31.0913951,31.09946042,31.10762544,31.11642155,31.12507429,31.13533512,31.14494856,31.16819889,31.17711414,31.18542073,31.21847026,31.25404406,31.28561504,31.3184924,31.35180975,31.37536236
Oman,0.006462036,0.006462036,0.006462036,0.006462036,0.006462036,0.006462036,0.006462036,0.006462036,0.006462036,0.006462036,0.006462036,0.006462036,0.006462036,0.006462036,0.006462036,0.006462036,0.006462036,0.006462036,0.006462036,0.006462036,0.006462036,0.006462036,0.006462036,0.006462036,0.006462036,0.006462036,0.006462036
Other small states,27.78328039,27.68308104,27.58624988,27.48786555,27.48279185,27.38407282,27.28535859,27.18664443,27.08792495,26.98921584,26.89049667,26.78849522,26.68648983,26.58435251,26.50416544,26.40195044,26.31628421,26.23048955,26.14469487,26.05903035,25.97334419,25.97791392,25.98251921,25.97334484,25.97796834,25.9825051,25.98678616
Pakistan,3.2780718139999996,3.2247559960000003,3.171440495,3.118124677,3.0648091760000002,3.011493358,2.95817754,2.9048620389999997,2.8515462210000004,2.79823072,2.744914902,2.689393876,2.633873008,2.578351982,2.522831114,2.467310087,2.41152968,2.355749274,2.299968867,2.24418846,2.1884080530000003,2.132627646,2.07684724,2.0210668330000003,1.965286426,1.9095060190000002,1.8537256119999999
Panama,67.79661017,67.56389824,67.33117975,67.09846782,66.86574932,66.63303739999999,66.40032547,66.16760697,65.93489505,65.70217655,65.46946462,65.24078558,65.01210654,64.7834275,64.55474845,64.32606941,64.10276974,63.87947007,63.65617696,63.43287729,63.20957762,62.98897091,62.76836421,62.54775094,62.32714423,62.10653753,61.88593083
Peru,60.87578125,60.73718872,60.59859619,60.45999756,60.32140503,60.1828125,60.04421997,59.90562744,59.76702881,59.62843628,59.48984375,59.39312744,59.29640503,59.19968872,59.10296631,59.00625,58.89421997,58.78218994,58.67015381,58.55812378,58.44609375,58.31515503,58.18421631,58.05328369,57.92234497,57.79140625,57.66046753
Philippines,21.98410303,22.14240264,22.30070061,22.45900023,22.6172982,22.77559781,22.93389743,23.0921954,23.25049501,23.40879299,23.567092600000002,23.59861791,23.63014322,23.66167017,23.69319548,23.7247208,23.56776401,23.41080559,23.2538488,23.09689038,22.93993359,23.74484355,24.5497535,25.35466345,26.1595734,26.96448335,27.7693933
Palau,,83.26086791,83.56521441,83.8695692,84.19565118,84.49999768,84.80434418,85.13043445,85.43478095,85.73912745,86.06521772,86.36956422,86.67391072,87.000001,87.30434749,87.60869399,87.60869399,87.60869399,87.60869399,87.60869399,87.60869399,87.60869399,87.60869399,87.60869399,87.60869399,87.60869399,87.60869399
Papua New Guinea,74.25473656,74.24877618,74.24281579999999,74.23684679,74.23088641,74.22492603,74.21896564,74.21300526,74.20703625,74.20107587,74.19511549,74.18893084,74.18274619,74.17657016,74.17038551,74.16420086,74.15845612,74.15272,74.14697527,74.14123915,74.13549441,74.12930976,74.12312511,74.11694908,74.11076443,74.10457978,74.09839513
Poland,28.99539652,29.05351074,29.11162496,29.16974237,29.22785659,29.28597081,29.34408503,29.40219925,29.46031666,29.51843088,29.5765451,29.66861535,29.76068559,29.85762673,29.94091276,30.03297098,30.11817643,30.20240144,30.28860722,30.37482106,30.45905707,30.53325995,30.60348896,30.67371937,30.74496164,30.81420033,30.88343903
Pre-demographic dividend,31.989458399999997,31.83632732,31.67893024,31.52290685,31.36739048,31.21187283,31.05635519,30.90083881,30.74532128,30.58980488,30.43428726,30.29689622,30.15950613,30.02211542,29.88472534,29.74733429,29.59853345,29.44973349,29.30093277,29.15713118,29.00714706,28.86751977,28.72830908,28.58939831,28.45018619,28.31097321,28.17176022
Puerto Rico,32.35625705,34.19503918,36.03382132,37.87260346,39.7113856,41.55016773,43.38782481,45.22660695,47.06538909,48.90417123,50.74295336,51.03156639,51.31905436,51.60766739,51.89515192,52.18376495,52.55693266,52.93010036,53.30214302,53.67531072,54.04847843,54.42164614,54.79481384,55.16685305,55.54002420000001,55.91319191,56.28635961
Dem. Rep. Korea,68.10896105,67.05589399,66.00282287,64.94975581,63.89668470000001,62.84361764,61.79055058,60.73747946,59.68441239999999,58.63134129,57.57827423,56.52520717,55.47213605,54.41906899,53.36599788,52.31293082,51.26152232,50.21011382,49.15870937,48.10730087,47.05589237,46.00116269,44.94643302,43.89170335,42.83697367,41.782244,40.72751433
Portugal,37.55191257,37.45027269,37.34863281,37.2469956,37.14535572,37.04371585,36.94207597,36.84043609,36.73879888,36.637159000000004,36.53551913,36.43278795,36.33005411,36.22732294,36.1245891,36.03367224,35.90904228,35.78440966,35.6597797,35.48858939,35.36412272,35.23965605,35.11518671,34.98491584,34.86031479,34.73586931,34.61142383
Paraguay,53.25195067,52.80166023,52.35136979,51.90108427,51.45079383,51.0005034,50.55021296,50.09992252,49.649637,49.19934657,48.74905613,48.29952276,47.84998938,47.40045109,46.95091772,46.50138434,45.73370249,44.96602064,44.19833879,43.43065693,42.66297508,41.84394566,41.02491869,40.20588926,39.3868623,38.56783287,37.74880345
West Bank and Gaza,1.508305635,1.508305635,1.508305635,1.508305635,1.508305635,1.508305635,1.508305635,1.508305635,1.508305635,1.508305635,1.508305635,1.51162797,1.514950147,1.516611315,1.519933491,1.5232558269999998,1.5232558269999998,1.5232558269999998,1.5232558269999998,1.5232558269999998,1.5232558269999998,1.5232558269999998,1.5232558269999998,1.5232558269999998,1.5232558269999998,1.5232558269999998,1.5232558269999998
Pacific island small states,61.55027082,62.06931359,62.09158905,62.11370603,62.13598244,62.15809942,62.18021635,62.20249281,62.22460974,62.24688621,62.26915893,62.23987673,62.21090238,62.18193267,62.15295838,62.12367618,62.02336313,61.92289814,61.82242936,61.72212017,61.62180718,61.61074634,61.59953339,61.58847243,61.57741622,61.56635527,61.55529443
Post-demographic dividend,31.12536754,31.15324888,31.18060062,31.20833337,31.23600495,31.26367681,31.29137922,31.31914184,31.34690438,31.37460746,31.39128896,31.40460026,31.41998246,31.43259427,31.44598466,31.45919844,31.47073557,31.48164033,31.50758968,31.51776667,31.52716472,31.55555302,31.58764814,31.61825475,31.64711026,31.67632405,31.69472267
French Polynesia,15.027322400000001,16.39344262,17.75956284,19.12568306,20.49180328,21.8579235,23.22404372,24.59016393,25.95628415,27.32240437,28.68852459,30.05464481,31.42076503,32.78688525,34.15300546,35.51912568,36.885245899999994,38.25136612,39.61748634,40.98360656,42.34972678,42.34972678,42.34972678,42.34972678,42.34972678,42.34972678,42.34972678
Qatar,0.0,0.0,0.0,0.0,0.0,0.0,0.0,0.0,0.0,0.0,0.0,0.0,0.0,0.0,0.0,0.0,0.0,0.0,0.0,0.0,0.0,0.0,0.0,0.0,0.0,0.0,0.0
Romania,27.77850447,27.763008799999998,27.76082977,27.75865075,27.75042482,27.75066452,27.74485884,27.7414717,27.73204408,27.72865854,27.713203600000003,27.73497018,27.737416800000002,27.74951076,27.76521739,27.78937299,27.8972076,28.01600808,28.122661600000004,28.21090235,28.31993045,28.60581394,28.92531042,29.22488414,29.51929679,29.82006259,30.12082839
Russia,49.35646539,49.35646539,49.36034735,49.37364901,49.39020901,49.40105111,49.40426418,49.404129,49.39807891,49.37829156,49.40184991,49.39872265,49.39137345,49.38540765,49.37881267,49.37248915,49.46098332,49.53847417,49.61860081,49.69609577,49.77359074,49.77108339,49.76857986,49.76607633,49.76356898,49.76106545,49.75856192
Rwanda,12.89014998,12.99554139,13.1009328,13.20632297,13.31171439,13.417105800000002,13.52249721,13.62788862,13.73327879,13.8386702,13.94406161,14.27644962,14.6088364,14.94122441,15.27361118,15.60599919,16.10052745,16.59505447,17.08958274,17.58410976,18.07863802,18.35427595,18.62991512,18.90555306,19.18119223,19.45683016,19.73246809
South Asia,16.51076722,16.51294957,16.51513131,16.51731358,16.54345642,16.54564199,16.54782751,16.55001236,16.5521957,16.55438055,16.55535211,16.6309245,16.70649861,16.78207108,16.86359106,16.93919011,17.018311399999998,17.0974289,17.17655011,17.25566976,17.334791,17.36332,17.39184904,17.420379699999998,17.44890875,17.47743564,17.50586354
Saudi Arabia,0.454484135,0.454484135,0.454484135,0.454484135,0.454484135,0.454484135,0.454484135,0.454484135,0.454484135,0.454484135,0.454484135,0.454484135,0.454484135,0.454484135,0.454484135,0.454484135,0.454484135,0.454484135,0.454484135,0.454484135,0.454484135,0.454484135,0.454484135,0.454484135,0.454484135,0.454484135,0.454484135
Sudan,,,,,,,,,,,,,,,,,,,,,,,,,,,
Senegal,48.55347219,48.31974238,48.08601257,47.85228276,47.61855295,47.38482314,47.15109334,46.91736353,46.68363372,46.44990391,46.2161741,45.98244429,45.74871449,45.51498468,45.28125487,45.04752506,44.83976523,44.6320054,44.42424557,44.21648574,44.00872591,43.80096608,43.59320625,43.38544642,43.17768659,42.96992676,42.76216694
Singapore,24.40298564,24.40298564,24.40298564,24.40298564,24.40298564,24.40298564,24.40298564,24.40298564,24.40298564,24.40298564,24.40298564,24.40298564,24.22222279,23.79912825,23.73004357,23.73004357,23.55907784,23.525180399999996,23.357143399999998,23.357143399999998,23.29059985,23.22443186,23.15864127,23.12588555,23.06064884,23.06064884,23.06064884
Solomon Islands,83.02965345,82.8295785,82.62951228,82.42943734,82.22937112,82.02929618,81.82922123,81.62915501,81.42908007,81.22901385,81.02893891,80.83601635,80.64308507,80.45016252,80.25723124,80.06430868,79.86423374,79.66416752,79.46409257,79.26402635,79.06395141,78.86387647,78.66381025,78.4637353,78.26366908,78.06359414,77.8635192
Sierra Leone,43.19756165,42.92601693,42.6544756,42.38293088,42.11138955,41.83984483,41.56830012,41.29675878,41.02521406,40.75367273,40.48212801,40.210583299999996,39.93904196,39.66749725,39.39595591,39.12441119,38.85286648,38.58132514,38.30978043,38.03823909,37.76669438,38.64782624,39.52895471,40.41008657,41.29121505,42.17234691,43.05347877
El Salvador,18.19498069,17.97779923,17.76061776,17.54343629,17.32625483,17.10907336,16.89189189,16.67471042,16.45752896,16.24034749,16.02316602,15.80115801,15.57914999,15.35714345,15.13513543,14.91312741,14.700772500000001,14.48841758,14.27606119,14.06370627,13.85135135,13.63899643,13.42664152,13.21428513,13.00193021,12.78957529,12.57722037
San Marino,0.0,0.0,0.0,0.0,0.0,0.0,0.0,0.0,0.0,0.0,0.0,0.0,0.0,0.0,0.0,0.0,0.0,0.0,0.0,0.0,0.0,0.0,0.0,0.0,0.0,0.0,0.0
Somalia,13.20177256,13.07951,12.95724822,12.83498566,12.71272387,12.59046131,12.46819875,12.34593697,12.22367441,12.10141262,11.97915006,11.85672872,11.7343066,11.61188526,11.48946314,11.3670418,11.24462045,11.12219833,10.99977699,10.87735487,10.75493353,10.63251219,10.51009007,10.38766872,10.2652466,10.14282526,10.02040392
Serbia,28.31008461,28.31008461,28.31008461,28.31008461,28.31008461,28.31008461,28.31008461,28.31008461,28.31008461,28.31008461,28.31008461,28.31008461,28.31008461,28.31008461,28.31008461,28.31008461,28.85204553,29.39400925,29.93597017,30.47793389,31.01989481,31.03590101,31.051909999999996,31.067916200000003,31.0839252,31.099931400000003,31.1159376
Sub-Saharan Africa (excluding high income),32.18828472,32.03044424,31.86885448,30.90732159,30.74828121,30.58923924,30.43019728,30.27115689,30.11211492,29.95307452,29.79403257,29.65026068,29.50648966,29.362718100000006,29.21894708,29.07517519,28.9220959,28.76901737,28.61593812,28.46285959,28.30883405,28.18271884,28.0569447,27.93116297,27.80538841,27.67961304,27.55383768
South Sudan,,,,,,,,,,,,,,,,,,,,,,,,,,,
Sub-Saharan Africa,32.18956247,32.03172558,31.87013949,30.90856692,30.74952999,30.59049146,30.43145294,30.272415999999996,30.11337747,29.95434052,29.79530201,29.65153323,29.50776533,29.36399688,29.22022898,29.0764602,28.92338423,28.77030901,28.61723308,28.46415786,28.31013561,28.18402312,28.0582517,27.9324727,27.80670086,27.68092822,27.55515558
Small states,38.08357111,38.01807485,37.92999216,37.84071992,37.855944799999996,37.76642187,37.67691081,37.58740105,37.49788177,37.40837611,37.31886108,37.22804697,37.13723357,37.04627932,36.98019958,36.88917753,36.81080905,36.73229354,36.65377866,36.57541488,36.49702174,36.49326426,36.4895402,36.47010717,36.46641394,36.46262505,36.45854466
Sao Tome and Principe,58.33333333,58.33333333,58.33333333,58.33333333,58.33333333,58.33333333,58.33333333,58.33333333,58.33333333,58.33333333,58.33333333,58.33333333,58.33333333,58.33333333,58.33333333,58.33333333,57.83333381,57.33333429,56.83333476,56.33333524,55.83333174,55.83333174,55.83333174,55.83333174,55.83333174,55.83333174,55.83333174
Suriname,98.91025641,98.88525391,98.86025766,98.83525516,98.81025891,98.78525641,98.76025391,98.73525766,98.71025516,98.68525891,98.66025641,98.63461538,98.60897436,98.58333333,98.55769231,98.53205128,98.50641026,98.48076923,98.45512821,98.42948718,98.40384615,98.37948843,98.35513071,98.33076673,98.306409,98.28205128,98.25769356
Slovak Republic,39.95841996,39.95841996,39.95841996,39.95218194,39.95010344,39.94802495,39.94594645,39.94386796,39.94178693,39.93970843,39.93762994,39.98336697,40.02910654,40.06651373,40.12058314,40.16632017,40.195426700000006,40.22453324,40.25363724,40.29112031,40.31939366,40.3260695,40.33023006,40.33438809,40.34525892,40.34773764,40.35357636
Slovenia,58.98709037,58.98709037,59.43396226,59.65739821,59.88083416,60.10427011,60.32770606,60.55114201,60.77457795,60.9980139,61.22144985,61.32075472,61.42005958,61.51936445,61.61866931,61.71797418,61.75769855,61.79741686,61.81811098,61.85904647,61.89752921,61.90806941,61.91892353,61.94637416,61.95630828,61.95823746,61.97001199
Sweden,68.38962811,68.41399815,68.43836818,68.46273822,68.48710825,68.51147829,68.53584832,68.56021836,68.58458839,68.60895842,68.63332846,68.6601355,68.68694254,68.71374957,68.74055661,68.76736365,68.69669055,68.62601745,68.55534435,68.48467125,68.41399815,68.41399815,68.91785732,68.91785732,68.92293339,68.92293339,68.92293339
Eswatini,27.44186047,27.70930268,27.976744899999996,28.24418534,28.51162755,28.77906977,29.04651198,29.3139542,29.58139464,29.84883863,30.11627907,30.38371951,30.651163500000003,30.91860394,31.18604793,31.45348837,31.70930375,31.96511557,32.22093094,32.47674277,32.73255814,32.99999858,33.26744257,33.53488301,33.802327000000005,34.06976744,34.33720788
Sint Maarten (Dutch part),,,,,,,,,,,,,,,,,,,,,,,,,,,
Seychelles,88.4130395,88.4130395,88.4130395,88.4130395,88.4130395,88.4130395,88.4130395,88.4130395,88.4130395,88.4130395,88.4130395,88.4130395,88.4130395,88.4130395,88.4130395,88.4130395,88.4130395,88.4130395,88.4130395,88.4130395,88.4130395,88.4130395,88.4130395,88.4130395,88.4130395,88.4130395,88.4130395
Syrian Arab Republic,2.024159321,2.056807052,2.0894547830000003,2.1221025140000003,2.154750245,2.1873979759999997,2.2200457069999997,2.252693438,2.285341169,2.3179889,2.350636631,2.382196038,2.413755611,2.44784571,2.47970808,2.51130359,2.543157436,2.57569157,2.6083641909999997,2.6410368109999998,2.673855035,2.673855035,2.673855035,2.673855035,2.673855035,2.673855035,2.673855035
Turks and Caicos Islands,36.21052792,36.21052792,36.21052792,36.21052792,36.21052792,36.21052792,36.21052792,36.21052792,36.21052792,36.21052792,36.21052792,36.21052792,36.21052792,36.21052792,36.21052792,36.21052792,36.21052792,36.21052792,36.21052792,36.21052792,36.21052792,36.21052792,36.21052792,36.21052792,36.21052792,36.21052792,36.21052792
Chad,5.324809403,5.294711005,5.264612607,5.234513822,5.204415424,5.174317027,5.144218629,5.114120231,5.084021446,5.053923048,5.023824651,4.994440915,4.9650571789999995,4.935673443,4.906289708,4.876905972,4.776365869,4.675825766,4.575286051,4.474745948,4.374205845,4.2736657419999995,4.173125638999999,4.072585924,3.972045821,3.8715057180000003,3.770965615
East Asia & Pacific (IDA & IBRD countries),28.39015255,28.38214242,28.36930334,28.356463899999998,28.34362581,28.33080398,28.31798262,28.30514353,28.29230401,28.27946597,28.29246887,28.44145822,28.59147139,28.74138511,28.89064773,29.03980293,29.12485387,29.21001339,29.29565401,29.38092465,29.46625237,29.5088962,29.55185752,29.59468881,29.63738839,29.68008876,29.72279147
Europe & Central Asia (IDA & IBRD countries),38.24159373,38.24894667,38.25909967,38.27407915,38.29092684,38.30473333,38.31410756,38.32179771,38.32645742,38.32391893,38.34473231,38.35354609,38.36281973,38.37002088,38.37659682,38.38377711,38.45716652,38.5250535,38.59385623,38.66117175,38.72837086,38.73797286,38.7479687,38.75767964,38.76930142,38.77901282,38.7887107
Togo,12.59422688,12.22835035,11.86247494,11.49659842,11.13072301,10.76484648,10.39896995,10.03309454,9.667218014,9.301342046,8.935466078,8.567751425,8.200036771,7.8323221179999996,7.464607465,7.096892811,6.732855529,6.368817685,6.004780403,5.6407425589999995,5.276705277,4.9126679939999995,4.548630151,4.184592868,3.820555305,3.456517742,3.092480179
Thailand,27.41294604,28.00133025,28.58971637,29.17810058,29.766486699999998,30.35487091,30.94325512,31.53164124,32.12002737,32.70841158,33.29679579,32.94016477,32.58352994,32.22689892,31.870265999999997,31.51363307,31.57196227,31.63029147,31.68862258,31.74695178,31.80528098,31.86400204,31.92272309,31.98144415,32.0401652,32.09888626,32.15760731
Tajikistan,2.915118605,2.915118605,2.9179765210000004,2.919405588,2.920834437,2.9222635039999996,2.923692571,2.92512142,2.926550487,2.927979335,2.929408402,2.929408402,2.929408402,2.929408402,2.929408402,2.929408402,2.929408402,2.929408402,2.929408402,2.929408402,2.929408402,2.932266318,2.935124234,2.937982368,2.9657171310000003,2.968513582,2.97139559
Turkmenistan,8.782159045,8.782159045,8.782159045,8.782159045,8.782159045,8.782159045,8.782159045,8.782159045,8.782159045,8.782159045,8.782159045,8.782159045,8.782159045,8.782159045,8.782159045,8.782159045,8.782159045,8.782159045,8.782159045,8.782159045,8.782159045,8.782159045,8.782159045,8.782159045,8.782159045,8.782159045,8.782159045
Latin America & the Caribbean (IDA & IBRD countries),51.21283383,50.98692438,50.76101989,50.53511089,50.30920545,50.08329645,49.85738849,49.63148379,49.47623258,49.25000327,49.02377325,48.78207343,48.5403735,48.29867516,48.05697518,47.815275899999996,47.63388567,47.45249468,47.27110555,47.08971456,46.90832483,46.79617906,46.68403347,46.57188937,46.45974383,46.34759831,46.23545302
Timor-Leste,64.96301278,64.20981761,63.45662243,62.70343137,61.95023619,61.19704102,60.44384585,59.69065068,58.93745961,58.18426444,57.43106927,56.677874100000004,55.92467892,55.17148786,54.41829268,53.66509751,52.91190234,52.15870717,51.4055161,50.65232093,49.89912576,49.14593058,48.39273541,47.63954435,46.88634917,46.133154,45.37995883
Middle East & North Africa (IDA & IBRD countries),2.1486838930000003,2.154282447,2.159881114,2.165479725,2.171078279,2.176676833,2.182275387,2.187873942,2.193472552,2.199071107,2.204669661,2.247707786,2.290747156,2.333836546,2.376882254,2.419921538,2.437534304,2.455160981,2.472790523,2.491143908,2.508781492,2.509995119,2.511208746,2.5124782430000003,2.513691904,2.514905552,2.5161191990000003
Tonga,12.5,12.5,12.5,12.5,12.5,12.5,12.5,12.5,12.5,12.5,12.5,12.5,12.5,12.5,12.5,12.5,12.5,12.5,12.5,12.5,12.5,12.5,12.5,12.5,12.5,12.5,12.5
South Asia (IDA & IBRD),16.51076722,16.51294957,16.51513131,16.51731358,16.54345642,16.54564199,16.54782751,16.55001236,16.5521957,16.55438055,16.55535211,16.6309245,16.70649861,16.78207108,16.86359106,16.93919011,17.018311399999998,17.0974289,17.17655011,17.25566976,17.334791,17.36332,17.39184904,17.420379699999998,17.44890875,17.47743564,17.50586354
Sub-Saharan Africa (IDA & IBRD countries),32.18956247,32.03172558,31.87013949,30.90856692,30.74952999,30.59049146,30.43145294,30.272415999999996,30.11337747,29.95434052,29.79530201,29.65153323,29.50776533,29.36399688,29.22022898,29.0764602,28.92338423,28.77030901,28.61723308,28.46415786,28.31013561,28.18402312,28.0582517,27.9324727,27.80670086,27.68092822,27.55515558
Trinidad and Tobago,46.92007738,46.78167748,46.64327462,46.50487472,46.36647185,46.22806899,46.08966909,45.95126622,45.81286633,45.67446346,45.53606357,45.39571245,45.25536134,45.11501022,44.97465911,44.83430799,44.69395688,44.55360576,44.41325465,44.27290353,44.13255242,44.44834391,44.76218419,45.07797271,45.39181298,45.70760151,46.023393
Tunisia,4.1387744589999995,4.263645883,4.388516913999999,4.513388338,4.638259369,4.763130793,4.8880022169999995,5.012873248,5.137744672,5.262615703,5.387487127000001,5.487898916000001,5.588311097999999,5.688722887000001,5.78913507,5.889546859,5.986096807000001,6.082646756,6.179196704,6.275746653,6.372296601,6.437950645,6.503604688999999,6.569258339,6.634912776,6.700566426,6.766220077000001
Turkey,12.5021114,12.57500307,12.647896000000001,12.72078766,12.79368059,12.86657225,12.93946391,13.01235684,13.0852485,13.15814143,13.23103309,13.35550824,13.47998338,13.60445979,13.72893494,13.85341008,13.99399737,14.13458466,14.27517068,14.41575797,14.55634526,14.68939671,14.822446900000001,14.95549835,15.08854854,15.22159999,15.35465144
Tuvalu,33.33333333,33.33333333,33.33333333,33.33333333,33.33333333,33.33333333,33.33333333,33.33333333,33.33333333,33.33333333,33.33333333,33.33333333,33.33333333,33.33333333,33.33333333,33.33333333,33.33333333,33.33333333,33.33333333,33.33333333,33.33333333,33.33333333,33.33333333,33.33333333,33.33333333,33.33333333,33.33333333
Tanzania,63.12937458,62.67780537,62.22623617,61.77466697,61.32309776,60.87152856,60.41995936,59.96839016,59.51682095,59.06525175,58.61368255,58.16211334,57.71054414,57.25897494,56.80740573,56.35583653,55.90426733,55.45269813,55.00112892,54.54955972,54.09799052,53.67803116,53.258071799999996,52.83811244,52.41815308,51.99819372,51.57823436
Uganda,23.77758871,23.33616838,22.8947505,22.45333018,22.01191229,21.57049197,21.12907164,20.68765376,20.24623343,19.80481433,19.36339523,18.92297683,18.48255843,18.04214003,17.60172164,17.16130324,16.48466067,15.80801811,15.13137432,14.45473175,13.72930381,13.055057099999999,12.38081038,11.70656245,11.03231573,10.35806902,9.683822306
Ukraine,16.00759472,16.00759472,16.08906567,16.1298003,16.17053662,16.21127125,16.25200588,16.2927422,16.33347684,16.37421315,16.41494779,16.43738673,16.46010978,16.48254911,16.50498844,16.52628672,16.51753592,16.50907116,16.50003419,16.49071392,16.48139198,16.51902196,16.55665195,16.59428363,16.63277494,16.67040688,16.70803881
Upper middle income,34.98666176,34.95475051,34.92222342,34.89223257,34.86285277,34.83238286,34.80037412,34.76771149,34.75086002,34.71453917,34.68653878,34.66457402,34.64336205,34.62077853,34.59809686,34.57555932,34.58268769,34.58785301,34.59334732,34.59980818,34.60473029,34.59968741,34.59530857,34.59202462,34.58735831,34.58264202,34.57791945
Uruguay,4.55833612,4.88509879,5.21186146,5.538624129,5.865387148,6.192149468999999,6.51891179,6.845674807999999,7.1724371289999995,7.499200147000001,7.825962467999999,7.999771427000001,8.173580385,8.347388647,8.521197605,8.695006564,8.934407217,9.173808568,9.413209919,9.65261127,9.89201262,10.02194057,10.15186853,10.28179648,10.41172443,10.54165238,10.67158034
United States,33.02230821,33.03416477,33.04602133,33.057881300000005,33.06973786,33.08159442,33.09345098,33.10530753,33.11716751,33.12902406,33.13017359,33.15682603,33.18348187,33.21013431,33.23679016,33.263442600000005,33.34995217,33.43646174,33.57611354,33.66276024,33.74940694,33.77947006,33.80953318,33.8395963,33.86965942,33.89972254,33.92978567
Uzbekistan,7.15796897,7.15796897,7.23648308,7.275740709,7.314997764,7.354254818999999,7.393511874,7.432768929,7.472026558,7.511283613,7.550540667999999,7.589562994,7.6285847470000006,7.667607072999999,7.706628825,7.745651152000001,7.736483539,7.727315353,7.718147741,7.708979554,7.699811942,7.673671562999999,7.6475317579999995,7.621391378999999,7.595251574,7.569111195,7.54297139
St. Vincent and the Grenadines,64.10256410000001,64.35897534,64.61538657,64.87179292,65.12820415,65.38461538,65.64102662,65.89743785,66.15384420000001,66.41025543,66.66666667,66.66666667,66.66666667,66.66666667,66.66666667,66.66666667,67.17948914,67.69230671,68.20512918,68.71794676,69.23076923,69.23076923,69.23076923,69.23076923,69.23076923,69.23076923,69.23076923
Venezuela,58.98305085,58.65710561,58.33116037,58.00521512,57.67926988,57.35332464,57.0273794,56.70143416,56.37548892,56.04954368,55.72359844,55.39753805,55.07148209,54.74542171,54.41936575,54.09330537,54.04614074,53.99898054,53.9518159,53.904655700000006,53.85749107,53.67110885,53.48472220000001,53.29833998,53.11195333,52.92557111,52.73918889
British Virgin Islands,24.73333359,24.73333359,24.66666698,24.66666698,24.60000038,24.60000038,24.60000038,24.53333378,24.53333378,24.46666718,24.46666718,24.46666718,24.46666718,24.40000057,24.40000057,24.40000057,24.40000057,24.33333397,24.33333397,24.26666737,24.26666737,24.26666737,24.20000076,24.20000076,24.13333257,24.13333257,24.13333257
Virgin Islands (U.S.),67.37142835,66.48571559,65.59999738,64.71428462,63.82857186,62.91428702,62.02856881,61.14285605,60.25714329,59.37143053,58.48571232,57.48571668,56.48571559,55.51428659,54.5142855,53.51428441,53.200002399999995,52.85714286,52.5428554,52.20000131,51.88571385,51.57142639,51.25714438,50.91428484,50.59999738,50.28571538,49.97142792
Vietnam,28.7658607,29.492151500000002,30.21843929,30.94473008,31.67101788,32.39730867,33.12359947,33.84988726,34.57617806,35.30246585,37.70012216,38.56440258,39.50088553,40.4328055,41.30357661,42.17434773,42.8522598,43.53017187,44.20808079,44.88599286,45.56390492,45.97994001,46.3959751,46.81201019,47.22804528,47.64408037,48.06011546
Vanuatu,36.09515997,36.09515997,36.09515997,36.09515997,36.09515997,36.09515997,36.09515997,36.09515997,36.09515997,36.09515997,36.09515997,36.09515997,36.09515997,36.09515997,36.09515997,36.09515997,36.09515997,36.09515997,36.09515997,36.09515997,36.09515997,36.09515997,36.09515997,36.09515997,36.09515997,36.09515997,36.09515997
World,31.62450862,31.56881533,31.62046722,31.56550897,31.51249559,31.45734387,31.40158623,31.32902206,31.27943768,31.22196499,31.17069019,31.13581978,31.10120443,31.06608993,31.03136289,30.99623804,30.97123082,30.94502979,30.92260522,30.89674808,30.86996409,30.84438914,30.81984683,30.79467396,30.76956804,30.74426441,30.71642094
Samoa,45.93639576,47.38516117,48.83392118,50.28268659,51.73144661,53.18021201,54.62897742,56.07773744,57.52650285,58.97526286,60.42402827,60.42402827,60.42402827,60.42402827,60.42402827,60.42402827,60.42402827,60.42402827,60.42402827,60.42402827,60.42402827,60.42402827,60.42402827,60.42402827,60.42402827,60.42402827,60.42402827
Kosovo,,,,,,,,,,,,,,,,,,,,,,,,,,,
Yemen,1.039831809,1.039831809,1.039831809,1.039831809,1.039831809,1.039831809,1.039831809,1.039831809,1.039831809,1.039831809,1.039831809,1.039831809,1.039831809,1.039831809,1.039831809,1.039831809,1.039831809,1.039831809,1.039831809,1.039831809,1.039831809,1.039831809,1.039831809,1.039831809,1.039831809,1.039831809,1.039831809
South Africa,7.617736524,7.617736524,7.617736524,7.617736524,7.617736524,7.617736524,7.617736524,7.617736524,7.617736524,7.617736524,7.617736524,7.617736524,7.617736524,7.617736524,7.617736524,7.617736524,7.617736524,7.617736524,7.617736524,7.617736524,7.617736524,7.617736524,7.617736524,7.617736524,7.617736524,7.617736524,7.617736524
Zambia,71.0259756,70.80186502,70.5777597,70.35364912,70.1295438,69.90543322,69.68132264,69.45721732,69.23310674,69.00900142,68.78489084,68.56078026,68.33667494,68.11256436,67.88845904,67.66434846,67.44023788,67.21613256,66.99202198,66.76791666,66.54380608,66.3196955,66.09559018,65.8714796,65.64737428,65.42326369999999,65.19915312
Zimbabwe,57.29352462,56.44823575,55.60294688,54.75765801,53.91236914,53.06708026,52.22179139,51.37650252,50.53121365,49.68592478,48.84063591,47.99534703,47.15005816,46.30476929,45.45948042,44.61419155,43.76890268,42.9236138,42.07832493,41.23303606,40.38774719,39.58019803,38.772651399999994,37.96510225,37.15755562,36.35000646,35.54245731
